sido,sigungu,schoolName,schoolCode
서울특별시,강남구,국립국악고등학교,110044010
서울특별시,성북구,서울대학교사범대학부설고등학교,110041020
서울특별시,은평구,예일디자인고등학교,110053023
서울특별시,금천구,국립전통예술고등학교,110044030
서울특별시,강남구,서울로봇고등학교,110052101
서울특별시,송파구,가락고등학교,110041101
서울특별시,강남구,개포고등학교,110041103
서울특별시,강서구,서울디지털콘텐츠고등학교,110052103
서울특별시,강남구,경기고등학교,110041105
서울특별시,노원구,경기기계공업고등학교,110052105
서울특별시,성동구,서울방송고등학교,110052107
서울특별시,성북구,경동고등학교,110041107
서울특별시,동작구,서울공업고등학교,110052109
서울특별시,종로구,경복고등학교,110041109
서울특별시,구로구,경인고등학교,110041110
서울특별시,구로구,고척고등학교,110041111
서울특별시,성북구,서울도시과학기술고등학교,110052111
서울특별시,강서구,공항고등학교,110041113
서울특별시,서초구,서울웹툰애니메이션고등학교,110052113
서울특별시,영등포구,관악고등학교,110041115
서울특별시,중구,성동공업고등학교,110052115
서울특별시,광진구,광남고등학교,110041117
서울특별시,광진구,광양고등학교,110041119
서울특별시,송파구,서울인공지능고등학교,110052119
서울특별시,구로구,구로고등학교,110041121
서울특별시,용산구,용산철도고등학교,110052121
서울특별시,구로구,구일고등학교,110041123
서울특별시,영등포구,한강미디어고등학교,110052123
서울특별시,강남구,압구정고등학교,110041125
서울특별시,동대문구,서울반도체고등학교,110052125
서울특별시,금천구,금천고등학교,110041127
서울특별시,종로구,경기상업고등학교,110053127
서울특별시,관악구,당곡고등학교,110041129
서울특별시,도봉구,서울문화고등학교,110053131
서울특별시,영등포구,대영고등학교,110041131
서울특별시,금천구,독산고등학교,110041132
서울특별시,동작구,동작고등학교,110041133
서울특별시,양천구,서울금융고등학교,110053133
서울특별시,강동구,둔촌고등학교,110041135
서울특별시,용산구,선린인터넷고등학교,110053135
서울특별시,중구,성동글로벌경영고등학교,110053137
서울특별시,중랑구,면목고등학교,110041137
서울특별시,서초구,반포고등학교,110041139
서울특별시,관악구,삼성고등학교,110041141
서울특별시,노원구,상계고등학교,110041143
서울특별시,서초구,서울고등학교,110041145
서울특별시,종로구,서울과학고등학교,110043147
서울특별시,송파구,서울체육고등학교,110042149
서울특별시,서초구,서초고등학교,110041151
서울특별시,성북구,석관고등학교,110041153
서울특별시,중구,성동고등학교,110041155
서울특별시,노원구,수락고등학교,110041156
서울특별시,관악구,신림고등학교,110041157
서울특별시,양천구,신목고등학교,110041159
서울특별시,서초구,양재고등학교,110041161
서울특별시,서초구,언남고등학교,110041163
서울특별시,영등포구,여의도고등학교,110041165
서울특별시,동작구,영등포고등학교,110041167
서울특별시,영등포구,영신고등학교,110041169
서울특별시,송파구,오금고등학교,110041171
서울특별시,노원구,노원고등학교,110041173
서울특별시,용산구,용산고등학교,110041175
서울특별시,관악구,인헌고등학교,110041177
서울특별시,광진구,자양고등학교,110041179
서울특별시,송파구,잠신고등학교,110041181
서울특별시,송파구,잠실고등학교,110041183
서울특별시,용산구,중경고등학교,110041185
서울특별시,중랑구,중화고등학교,110041187
서울특별시,도봉구,창동고등학교,110041188
서울특별시,강남구,청담고등학교,110041189
서울특별시,동대문구,청량고등학교,110041191
서울특별시,중랑구,태릉고등학교,110041193
서울특별시,서대문구,한성과학고등학교,110043195
서울특별시,강남구,경기여자고등학교,110041197
서울특별시,구로구,세종과학고등학교,110043198
서울특별시,양천구,금옥여자고등학교,110041199
서울특별시,강동구,명일여자고등학교,110041201
서울특별시,성동구,무학여자고등학교,110041203
서울특별시,마포구,서울여자고등학교,110041205
서울특별시,동작구,수도여자고등학교,110041207
서울특별시,영등포구,여의도여자고등학교,110041209
서울특별시,영등포구,영등포여자고등학교,110041211
서울특별시,송파구,창덕여자고등학교,110041213
서울특별시,강북구,혜화여자고등학교,110041215
서울특별시,도봉구,누원고등학교,110041217
서울특별시,송파구,방산고등학교,110041219
서울특별시,중랑구,신현고등학교,110041221
서울특별시,도봉구,자운고등학교,110041223
서울특별시,강서구,등촌고등학교,110041227
서울특별시,성동구,경일고등학교,110041229
서울특별시,영등포구,선유고등학교,110041231
서울특별시,노원구,월계고등학교,110041233
서울특별시,노원구,불암고등학교,110041235
서울특별시,강서구,세현고등학교,110041237
서울특별시,양천구,신서고등학교,110041239
서울특별시,도봉구,효문고등학교,110041241
서울특별시,중랑구,원묵고등학교,110041243
서울특별시,마포구,상암고등학교,110041245
서울특별시,구로구,구현고등학교,110041247
서울특별시,송파구,문정고등학교,110041249
서울특별시,은평구,은평고등학교,110041251
서울특별시,은평구,진관고등학교,110041253
서울특별시,구로구,신도림고등학교,110041255
서울특별시,강서구,수명고등학교,110041257
서울특별시,성동구,성수고등학교,110041259
서울특별시,강북구,솔샘고등학교,110041261
서울특별시,강동구,강일고등학교,110041262
서울특별시,송파구,문현고등학교,110041263
서울특별시,은평구,신도고등학교,110041264
서울특별시,강동구,선사고등학교,110041265
서울특별시,강북구,삼각산고등학교,110041266
서울특별시,관악구,구암고등학교,110041267
서울특별시,송파구,잠일고등학교,110041268
서울특별시,동대문구,휘봉고등학교,110041269
서울특별시,서대문구,가재울고등학교,110041270
서울특별시,성동구,도선고등학교,110041271
서울특별시,성동구,금호고등학교,110041272
서울특별시,강동구,강동고등학교,110041601
서울특별시,노원구,광운인공지능고등학교,110052601
서울특별시,양천구,강서고등학교,110041602
서울특별시,강남구,단국대학교부속소프트웨어고등학교,110052603
서울특별시,광진구,건국대학교사범대학부속고등학교,110041603
서울특별시,노원구,영신간호비즈니스고등학교,110053603
서울특별시,강남구,대진디자인고등학교,110052605
서울특별시,동작구,경문고등학교,110041605
서울특별시,마포구,경성고등학교,110041607
서울특별시,마포구,서울디자인고등학교,110052607
서울특별시,구로구,덕일전자공업고등학교,110052609
서울특별시,종로구,경신고등학교,110041609
서울특별시,동대문구,경희고등학교,110041611
서울특별시,성북구,고려대학교사범대학부속고등학교,110041613
서울특별시,중구,리라아트고등학교,110052613
서울특별시,강동구,광문고등학교,110041615
서울특별시,관악구,미림마이스터고등학교,110052615
서울특별시,강동구,상일미디어고등학교,110052617
서울특별시,마포구,광성고등학교,110041617
서울특별시,관악구,광신고등학교,110041619
서울특별시,노원구,미래산업과학고등학교,110052619
서울특별시,강남구,수도전기공업고등학교,110052621
서울특별시,양천구,광영고등학교,110041621
서울특별시,관악구,남강고등학교,110041623
서울특별시,은평구,세명컴퓨터고등학교,110052623
서울특별시,강남구,단국대학교사범대학부속고등학교,110041625
서울특별시,은평구,신진과학기술고등학교,110052625
서울특별시,노원구,염광메디텍고등학교,110052627
서울특별시,동대문구,대광고등학교,110041627
서울특별시,강서구,영등포공업고등학교,110052629
서울특별시,은평구,대성고등학교,110041629
서울특별시,구로구,유한공업고등학교,110052631
서울특별시,종로구,대신고등학교,110041631
서울특별시,광진구,대원고등학교,110041633
서울특별시,노원구,서울아이티고등학교,110052633
서울특별시,광진구,대원외국어고등학교,110045635
서울특별시,은평구,은평메디텍고등학교,110052635
서울특별시,강서구,대일고등학교,110041637
서울특별시,노원구,인덕과학기술고등학교,110052637
서울특별시,성북구,대일외국어고등학교,110045639
서울특별시,용산구,서울디지텍고등학교,110052639
서울특별시,노원구,대진고등학교,110041641
서울특별시,마포구,한세사이버보안고등학교,110052641
서울특별시,강서구,덕원예술고등학교,110044643
서울특별시,중구,한양공업고등학교,110052643
서울특별시,동대문구,동국대학교사범대학부속고등학교,110041645
서울특별시,중구,서울의료보건고등학교,110053645
서울특별시,강동구,동북고등학교,110041647
서울특별시,성북구,서울동구고등학교,110053647
서울특별시,강동구,서울컨벤션고등학교,110053649
서울특별시,종로구,동성고등학교,110041649
서울특별시,강서구,마포고등학교,110041651
서울특별시,종로구,서일문화예술고등학교,110053651
서울특별시,강서구,명덕고등학교,110041653
서울특별시,강서구,명덕외국어고등학교,110045655
서울특별시,노원구,서울동산고등학교,110053655
서울특별시,관악구,서울여자상업고등학교,110053657
서울특별시,서대문구,명지고등학교,110041657
서울특별시,금천구,문일고등학교,110041659
서울특별시,은평구,선일빅데이터고등학교,110053659
서울특별시,송파구,배명고등학교,110041661
서울특별시,강동구,성덕고등학교,110041662
서울특별시,강서구,서울신정고등학교,110053663
서울특별시,용산구,배문고등학교,110041663
서울특별시,강동구,배재고등학교,110041665
서울특별시,양천구,서울영상고등학교,110053665
서울특별시,관악구,영락의료과학고등학교,110053667
서울특별시,양천구,백암고등학교,110041667
서울특별시,송파구,보성고등학교,110041669
서울특별시,송파구,일신여자상업고등학교,110053669
서울특별시,동대문구,서울정화고등학교,110053671
서울특별시,서초구,상문고등학교,110041671
서울특별시,강서구,경복비즈니스고등학교,110053673
서울특별시,노원구,서라벌고등학교,110041673
서울특별시,성북구,고명외식고등학교,110053675
서울특별시,관악구,서울미술고등학교,110041677
서울특별시,관악구,서울관광고등학교,110053677
서울특별시,강남구,서울세종고등학교,110041679
서울특별시,관악구,광신방송예술고등학교,110053679
서울특별시,송파구,덕수고등학교,110041680
서울특별시,구로구,예림디자인고등학교,110053681
서울특별시,종로구,서울예술고등학교,110044681
서울특별시,도봉구,서울외국어고등학교,110045683
서울특별시,중구,대경생활과학고등학교,110053683
서울특별시,도봉구,선덕고등학교,110041685
서울특별시,종로구,대동세무고등학교,110053685
서울특별시,양천구,대일관광고등학교,110053687
서울특별시,은평구,선정고등학교,110041687
서울특별시,광진구,선화예술고등학교,110044689
서울특별시,은평구,동명생활경영고등학교,110053689
서울특별시,금천구,서울매그넷고등학교,110053691
서울특별시,동작구,성남고등학교,110041691
서울특별시,관악구,성보고등학교,110041693
서울특별시,구로구,서서울생활과학고등학교,110053693
서울특별시,구로구,서울공연예술고등학교,110044693
서울특별시,강북구,성암국제무역고등학교,110053695
서울특별시,서초구,세화고등학교,110041695
서울특별시,도봉구,세그루패션디자인고등학교,110053696
서울특별시,중랑구,송곡고등학교,110041697
서울특별시,중랑구,송곡관광고등학교,110053697
서울특별시,마포구,숭문고등학교,110041699
서울특별시,중랑구,이화여자대학교병설미디어고등학교,110053699
서울특별시,은평구,숭실고등학교,110041701
서울특별시,강북구,신일고등학교,110041703
서울특별시,동대문구,해성국제컨벤션고등학교,110053705
서울특별시,양천구,양정고등학교,110041705
서울특별시,강서구,화곡보건경영고등학교,110053707
서울특별시,양천구,양천고등학교,110041707
서울특별시,강남구,영동고등학교,110041709
서울특별시,강서구,서울백영고등학교,110053709
서울특별시,관악구,영락고등학교,110041711
서울특별시,마포구,홍익디자인고등학교,110053711
서울특별시,강서구,영일고등학교,110041713
서울특별시,강북구,영훈고등학교,110041715
서울특별시,용산구,오산고등학교,110041717
서울특별시,성북구,용문고등학교,110041719
서울특별시,구로구,우신고등학교,110041721
서울특별시,서대문구,인창고등학교,110041723
서울특별시,중구,장충고등학교,110041725
서울특별시,영등포구,장훈고등학교,110041726
서울특별시,노원구,재현고등학교,110041727
서울특별시,강남구,중동고등학교,110041729
서울특별시,강남구,중산고등학교,110041731
서울특별시,종로구,중앙고등학교,110041733
서울특별시,강남구,중앙대학교사범대학부속고등학교,110041735
서울특별시,노원구,청원고등학교,110041737
서울특별시,은평구,충암고등학교,110041739
서울특별시,양천구,한가람고등학교,110041741
서울특별시,강서구,한광고등학교,110041743
서울특별시,노원구,한국삼육고등학교,110041745
서울특별시,강서구,한서고등학교,110041747
서울특별시,서대문구,한성고등학교,110041749
서울특별시,강동구,한영고등학교,110041751
서울특별시,강동구,한영외국어고등학교,110045753
서울특별시,강남구,현대고등학교,110041755
서울특별시,성북구,홍익대학교사범대학부속고등학교,110041757
서울특별시,강서구,화곡고등학교,110041759
서울특별시,중구,환일고등학교,110041761
서울특별시,강남구,휘문고등학교,110041763
서울특별시,은평구,선정국제관광고등학교,110053764
서울특별시,강서구,경복여자고등학교,110041765
서울특별시,동대문구,경희여자고등학교,110041767
서울특별시,성북구,계성고등학교,110041769
서울특별시,양천구,광영여자고등학교,110041771
서울특별시,서대문구,이화여자대학교사범대학부속이화금란고등학교,110041773
서울특별시,광진구,대원여자고등학교,110041774
서울특별시,노원구,대진여자고등학교,110041775
서울특별시,종로구,덕성여자고등학교,110041777
서울특별시,강서구,덕원여자고등학교,110041779
서울특별시,서초구,동덕여자고등학교,110041780
서울특별시,은평구,동명여자고등학교,110041781
서울특별시,금천구,동일여자고등학교,110041782
서울특별시,강서구,명덕여자고등학교,110041783
서울특별시,광진구,동국대학교사범대학부속가람고등학교,110041785
서울특별시,관악구,서울문영여자고등학교,110041787
서울특별시,관악구,미림여자고등학교,110041789
서울특별시,종로구,배화여자고등학교,110041791
서울특별시,용산구,보성여자고등학교,110041793
서울특별시,송파구,보인고등학교,110041794
서울특별시,종로구,상명대학교사범대학부속여자고등학교,110041795
서울특별시,노원구,상명고등학교,110041797
서울특별시,강동구,상일여자고등학교,110041799
서울특별시,서초구,서문여자고등학교,110041801
서울특별시,은평구,선일여자고등학교,110041803
서울특별시,성북구,성신여자고등학교,110041805
서울특별시,용산구,성심여자고등학교,110041807
서울특별시,서초구,세화여자고등학교,110041809
서울특별시,중랑구,송곡여자고등학교,110041810
서울특별시,강남구,숙명여자고등학교,110041811
서울특별시,동작구,숭의여자고등학교,110041813
서울특별시,용산구,신광여자고등학교,110041815
서울특별시,양천구,목동고등학교,110041817
서울특별시,종로구,서울국제고등학교,110046817
서울특별시,노원구,염광고등학교,110041819
서울특별시,송파구,영동일고등학교,110041821
서울특별시,노원구,영신여자고등학교,110041823
서울특별시,송파구,영파여자고등학교,110041825
서울특별시,은평구,예일여자고등학교,110041827
서울특별시,노원구,용화여자고등학교,110041829
서울특별시,강남구,은광여자고등학교,110041831
서울특별시,중구,이화여자고등학교,110041835
서울특별시,중구,이화여자외국어고등학교,110045837
서울특별시,송파구,잠실여자고등학교,110041839
서울특별시,송파구,정신여자고등학교,110041841
서울특별시,도봉구,정의여자고등학교,110041842
서울특별시,서대문구,중앙여자고등학교,110041843
서울특별시,양천구,진명여자고등학교,110041845
서울특별시,강남구,진선여자고등학교,110041847
서울특별시,강북구,창문여자고등학교,110041849
서울특별시,노원구,청원여자고등학교,110041850
서울특별시,강남구,풍문고등학교,110041851
서울특별시,성북구,한성여자고등학교,110041853
서울특별시,성동구,한양대학교사범대학부속고등학교,110041855
서울특별시,노원구,혜성여자고등학교,110041857
서울특별시,중랑구,혜원여자고등학교,110041859
서울특별시,마포구,홍익대학교사범대학부속여자고등학교,110041861
서울특별시,동대문구,휘경여자고등학교,110041863
서울특별시,구로구,오류고등학교,110041865
서울특별시,동대문구,해성여자고등학교,110041869
서울특별시,은평구,하나고등학교,110041870
서울특별시,강서구,동양고등학교,110041871
부산광역시,금정구,브니엘여자고등학교,210041002
부산광역시,해운대구,부산기계공업고등학교,210052040
부산광역시,부산진구,부산진고등학교,210041042
부산광역시,금정구,부산대학교사범대학부설고등학교,210041049
부산광역시,강서구,경일고등학교,210041053
부산광역시,영도구,부산해사고등학교,210055080
부산광역시,사상구,구덕고등학교,210041103
부산광역시,강서구,덕문고등학교,210041112
부산광역시,금정구,남산고등학교,210041117
부산광역시,부산진구,부산국제고등학교,210046118
부산광역시,기장군,정관고등학교,210041123
부산광역시,영도구,부산체육고등학교,210042125
부산광역시,금정구,부산과학고등학교,210043130
부산광역시,부산진구,경원고등학교,210041133
부산광역시,서구,경남고등학교,210041134
부산광역시,부산진구,경남공업고등학교,210052140
부산광역시,동구,경남여자고등학교,210041151
부산광역시,영도구,영도여자고등학교,210041152
부산광역시,동래구,혜화여자고등학교,210041167
부산광역시,기장군,기장고등학교,210041176
부산광역시,서구,부경고등학교,210041180
부산광역시,북구,금곡고등학교,210041181
부산광역시,동래구,금정고등학교,210041185
부산광역시,금정구,금정여자고등학교,210041202
부산광역시,사하구,부산여자고등학교,210041206
부산광역시,북구,낙동고등학교,210041219
부산광역시,부산진구,개금고등학교,210041236
부산광역시,금정구,내성고등학교,210041253
부산광역시,북구,만덕고등학교,210041259
부산광역시,사하구,다대고등학교,210041261
부산광역시,동래구,동래고등학교,210041287
부산광역시,남구,문현여자고등학교,210041304
부산광역시,해운대구,반여고등학교,210041309
부산광역시,남구,동천고등학교,210041310
부산광역시,금정구,대진전자통신고등학교,210052315
부산광역시,금정구,부산예술고등학교,210044315
부산광역시,북구,성도고등학교,210041320
부산광역시,동구,부산고등학교,210041321
부산광역시,남구,부산공업고등학교,210052340
부산광역시,영도구,부산남고등학교,210041355
부산광역시,수영구,부산남일고등학교,210041372
부산광역시,남구,한국조형예술고등학교,210044380
부산광역시,수영구,부산동여자고등학교,210041389
부산광역시,동구,부산컴퓨터과학고등학교,210053401
부산광역시,서구,부산서여자고등학교,210041406
부산광역시,부산진구,성모여자고등학교,210041412
부산광역시,북구,부산백양고등학교,210041420
부산광역시,북구,금명여자고등학교,210041424
부산광역시,사상구,사상고등학교,210041425
부산광역시,해운대구,센텀고등학교,210041428
부산광역시,사하구,부산자동차마이스터고등학교,210052431
부산광역시,해운대구,부산문화여자고등학교,210053432
부산광역시,기장군,부산장안고등학교,210041433
부산광역시,해운대구,영산고등학교,210053439
부산광역시,남구,부산중앙고등학교,210041440
부산광역시,강서구,부산소프트웨어마이스터고등학교,210052450
부산광역시,강서구,명호고등학교,210041451
부산광역시,기장군,신정고등학교,210041452
부산광역시,동래구,부산중앙여자고등학교,210041457
부산광역시,부산진구,한국과학영재학교,210043487
부산광역시,해운대구,부흥고등학교,210041500
부산광역시,부산진구,개성고등학교,210041502
부산광역시,남구,분포고등학교,210041503
부산광역시,부산진구,부산진여자상업고등학교,210053503
부산광역시,동래구,사직고등학교,210041508
부산광역시,영도구,부산영상예술고등학교,210053510
부산광역시,부산진구,부산마케팅고등학교,210053514
부산광역시,부산진구,세정고등학교,210053517
부산광역시,남구,배정미래고등학교,210053520
부산광역시,강서구,부산강서고등학교,210041525
부산광역시,해운대구,해운대관광고등학교,210056528
부산광역시,해운대구,신도고등학교,210041529
부산광역시,사하구,부산일과학고등학교,210043532
부산광역시,해운대구,양운고등학교,210041533
부산광역시,동래구,부산전자공업고등학교,210052540
부산광역시,사상구,주례여자고등학교,210041559
부산광역시,동래구,충렬고등학교,210041576
부산광역시,북구,화명고등학교,210041585
부산광역시,연제구,연제고등학교,210041591
부산광역시,해운대구,해강고등학교,210041592
부산광역시,해운대구,부산해군과학기술고등학교,210052597
부산광역시,동래구,동래원예고등학교,210051602
부산광역시,부산진구,가야고등학교,210041609
부산광역시,사상구,부산항공고등학교,210052610
부산광역시,사하구,건국고등학교,210041618
부산광역시,사하구,대광고등학교,210052623
부산광역시,중구,부산디지털고등학교,210052629
부산광역시,북구,경혜여자고등학교,210041636
부산광역시,서구,경성전자고등학교,210052636
부산광역시,사상구,대덕여자고등학교,210041640
부산광역시,영도구,광명고등학교,210041645
부산광역시,금정구,금샘고등학교,210052648
부산광역시,동구,금성고등학교,210041654
부산광역시,연제구,계성여자고등학교,210053654
부산광역시,중구,남성여자고등학교,210041663
부산광역시,남구,대양고등학교,210052676
부산광역시,사하구,대동고등학교,210041681
부산광역시,남구,세연고등학교,210053685
부산광역시,동래구,대명여자고등학교,210041690
부산광역시,남구,대연고등학교,210041699
부산광역시,수영구,덕문여자고등학교,210041708
부산광역시,동구,데레사여자고등학교,210041717
부산광역시,금정구,동래여자고등학교,210041726
부산광역시,사하구,동아고등학교,210041735
부산광역시,북구,삼정고등학교,210041738
부산광역시,남구,동명공업고등학교,210052744
부산광역시,동래구,동인고등학교,210041744
부산광역시,사하구,동아공업고등학교,210052756
부산광역시,남구,배정고등학교,210041762
부산광역시,부산진구,동의고등학교,210052768
부산광역시,강서구,부산대저고등학교,210041771
부산광역시,부산진구,부산동고등학교,210041780
부산광역시,중구,동주여자고등학교,210041781
부산광역시,부산진구,부산동성고등학교,210041789
부산광역시,금정구,브니엘예술고등학교,210044798
부산광역시,연제구,부산외국어고등학교,210045807
부산광역시,부산진구,부산진여자고등학교,210041816
부산광역시,사하구,부일외국어고등학교,210041820
부산광역시,금정구,브니엘고등학교,210041825
부산광역시,동래구,사직여자고등학교,210041834
부산광역시,사하구,삼성여자고등학교,210041843
부산광역시,수영구,부산여자상업고등학교,210053864
부산광역시,부산진구,부산정보고등학교,210053866
부산광역시,금정구,부산정보관광고등학교,210056867
부산광역시,서구,부산관광고등학교,210056868
부산광역시,사하구,성일여자고등학교,210041870
부산광역시,남구,한얼고등학교,210041880
부산광역시,사하구,부일전자디자인고등학교,210052885
부산광역시,부산진구,양정고등학교,210041888
부산광역시,남구,예문여자고등학교,210041897
부산광역시,동래구,용인고등학교,210041906
부산광역시,연제구,이사벨고등학교,210041910
부산광역시,남구,성지고등학교,210041912
부산광역시,기장군,장안제일고등학교,210041919
부산광역시,금정구,지산고등학교,210041924
부산광역시,동래구,학산여자고등학교,210041933
부산광역시,해운대구,부산센텀여자고등학교,210041936
부산광역시,사하구,해동고등학교,210041942
부산광역시,영도구,부산보건고등학교,210053950
부산광역시,해운대구,해운대고등학교,210041951
부산광역시,해운대구,해운대여자고등학교,210041960
부산광역시,중구,혜광고등학교,210041969
대구광역시,중구,경북대학교사범대학부설고등학교,220041050
대구광역시,달서구,경북기계공업고등학교,220052155
대구광역시,서구,경덕여자고등학교,220041162
대구광역시,동구,대구공업고등학교,220052210
대구광역시,서구,대구제일고등학교,220041220
대구광역시,수성구,경북고등학교,220041224
대구광역시,군위군,효령고등학교,220052240
대구광역시,중구,경북여자고등학교,220041286
대구광역시,북구,구암고등학교,220041317
대구광역시,달서구,대구하이텍고등학교,220052320
대구광역시,달성군,대구공업고등학교 테크노폴리스 캠퍼스,220052324
대구광역시,달성군,다사고등학교,220041332
대구광역시,서구,달성고등학교,220041348
대구광역시,동구,대구일마이스터고등학교,220052375
대구광역시,달성군,대구소프트웨어마이스터고등학교,220052376
대구광역시,남구,대구고등학교,220041410
대구광역시,북구,칠성고등학교,220041425
대구광역시,달서구,호산고등학교,220041436
대구광역시,서구,대구과학기술고등학교,220052457
대구광역시,수성구,대구과학고등학교,220043472
대구광역시,동구,대구일과학고등학교,220043473
대구광역시,수성구,대구농업마이스터고등학교,220051495
대구광역시,서구,대구서부고등학교,220041503
대구광역시,북구,매천고등학교,220041511
대구광역시,달서구,대구반도체마이스터고등학교,220052512
대구광역시,수성구,대구여자고등학교,220041534
대구광역시,달서구,대구외국어고등학교,220045544
대구광역시,달서구,상인고등학교,220041547
대구광역시,달서구,성서고등학교,220041549
대구광역시,수성구,수성고등학교,220041551
대구광역시,수성구,시지고등학교,220041552
대구광역시,달서구,와룡고등학교,220041553
대구광역시,달서구,대구제일여자상업고등학교,220053554
대구광역시,북구,운암고등학교,220041560
대구광역시,달성군,포산고등학교,220041570
대구광역시,북구,학남고등학교,220041572
대구광역시,달서구,성산고등학교,220041574
대구광역시,달서구,대곡고등학교,220041575
대구광역시,달성군,화원고등학교,220041576
대구광역시,북구,함지고등학교,220041577
대구광역시,달서구,도원고등학교,220041578
대구광역시,수성구,동문고등학교,220041580
대구광역시,동구,강동고등학교,220041582
대구광역시,북구,대구체육고등학교,220042584
대구광역시,달서구,대진고등학교,220041600
대구광역시,북구,강북고등학교,220041606
대구광역시,북구,대구국제고등학교,220046606
대구광역시,북구,경명여자고등학교,220041612
대구광역시,남구,경북예술고등학교,220044618
대구광역시,중구,경북공업고등학교,220052621
대구광역시,북구,경상고등학교,220041624
대구광역시,북구,경상여자고등학교,220041636
대구광역시,남구,경북여자상업고등학교,220053640
대구광역시,수성구,경신고등학교,220041648
대구광역시,달서구,경원고등학교,220041660
대구광역시,남구,경일여자고등학교,220041672
대구광역시,남구,경상공업고등학교,220052684
대구광역시,달서구,경화여자고등학교,220041684
대구광역시,서구,계성고등학교,220041708
대구광역시,수성구,능인고등학교,220041732
대구광역시,달성군,달서고등학교,220041738
대구광역시,달서구,대건고등학교,220041744
대구광역시,수성구,대구남산고등학교,220041750
대구광역시,수성구,대구혜화여자고등학교,220041756
대구광역시,수성구,대륜고등학교,220041768
대구광역시,달서구,대구보건고등학교,220056770
대구광역시,북구,대중금속공업고등학교,220052778
대구광역시,수성구,덕원고등학교,220041780
대구광역시,동구,대구동부고등학교,220041783
대구광역시,남구,대구여자상업고등학교,220053786
대구광역시,달성군,대원고등학교,220041786
대구광역시,동구,대구관광고등학교,220056799
대구광역시,북구,성광고등학교,220041816
대구광역시,북구,성화여자고등학교,220041828
대구광역시,군위군,군위고등학교,220041832
대구광역시,달서구,송현여자고등학교,220041840
대구광역시,중구,신명고등학교,220041852
대구광역시,달서구,상서고등학교,220056862
대구광역시,달성군,심인고등학교,220041864
대구광역시,달서구,영남고등학교,220041876
대구광역시,북구,영송여자고등학교,220041882
대구광역시,동구,영신고등학교,220041888
대구광역시,북구,영진고등학교,220041900
대구광역시,수성구,오성고등학교,220041912
대구광역시,수성구,영남공업고등학교,220052915
대구광역시,달서구,원화여자고등학교,220041924
대구광역시,동구,정동고등학교,220041936
대구광역시,동구,조일고등학교,220052936
대구광역시,수성구,대구중앙고등학교,220041946
대구광역시,수성구,정화여자고등학교,220041948
대구광역시,동구,청구고등학교,220041960
대구광역시,달성군,현풍고등학교,220041966
대구광역시,남구,협성고등학교,220041972
대구광역시,달서구,효성여자고등학교,220041984
대구광역시,달서구,대구상원고등학교,220041987
대구광역시,동구,달구벌고등학교,220041989
대구광역시,달성군,비슬고등학교,220041990
인천광역시,중구,인천국제고등학교,230046001
인천광역시,계양구,서운고등학교,230041023
인천광역시,부평구,인평자동차고등학교,230052031
인천광역시,서구,가정고등학교,230041040
인천광역시,계양구,계산공업고등학교,230052043
인천광역시,중구,인천해사고등학교,230055050
인천광역시,미추홀구,인천비즈니스고등학교,230053053
인천광역시,서구,가림고등학교,230041058
인천광역시,계양구,인천예일고등학교,230041062
인천광역시,남동구,인천논현고등학교,230041069
인천광역시,부평구,인천상정고등학교,230041070
인천광역시,계양구,인천세원고등학교,230041071
인천광역시,부평구,인천미래생활고등학교,230052094
인천광역시,강화군,강남영상미디어고등학교,230052109
인천광역시,강화군,강화고등학교,230041117
인천광역시,강화군,강화여자고등학교,230041126
인천광역시,서구,검단고등학교,230041130
인천광역시,미추홀구,문학정보고등학교,230053132
인천광역시,계양구,계산고등학교,230041135
인천광역시,계양구,계산여자고등학교,230041140
인천광역시,강화군,교동고등학교,230041144
인천광역시,부평구,부평공업고등학교,230052145
인천광역시,옹진군,대청고등학교,230041146
인천광역시,옹진군,덕적고등학교,230041157
인천광역시,남동구,동인천고등학교,230041170
인천광역시,서구,인천아라고등학교,230041174
인천광역시,서구,백석고등학교,230041175
인천광역시,부평구,부개여자고등학교,230041179
인천광역시,부평구,부광고등학교,230041188
인천광역시,부평구,부광여자고등학교,230041205
인천광역시,계양구,계양고등학교,230041212
인천광역시,부평구,부평여자고등학교,230041220
인천광역시,강화군,한국글로벌셰프고등학교,230056225
인천광역시,남동구,인제고등학교,230041230
인천광역시,남동구,석정여자고등학교,230041231
인천광역시,중구,인천중산고등학교,230041235
인천광역시,부평구,부평고등학교,230041240
인천광역시,미추홀구,인명여자고등학교,230041254
인천광역시,중구,영종국제물류고등학교,230053257
인천광역시,연수구,인천생활과학고등학교,230057267
인천광역시,부평구,삼산고등학교,230041284
인천광역시,미추홀구,인화여자고등학교,230041287
인천광역시,강화군,서도고등학교,230041292
인천광역시,남동구,인천송천고등학교,230041300
인천광역시,서구,인천초은고등학교,230041301
인천광역시,서구,인천청라고등학교,230041302
인천광역시,중구,인천하늘고등학교,230041303
인천광역시,연수구,인천연송고등학교,230041304
인천광역시,중구,인천영종고등학교,230041305
인천광역시,서구,인천해원고등학교,230041306
인천광역시,연수구,인천포스코고등학교,230041307
인천광역시,미추홀구,선인고등학교,230041310
인천광역시,미추홀구,인천대중예술고등학교,230052325
인천광역시,연수구,연수고등학교,230041328
인천광역시,연수구,연수여자고등학교,230041332
인천광역시,옹진군,백령고등학교,230041333
인천광역시,옹진군,연평고등학교,230041336
인천광역시,미추홀구,인천소방고등학교,230052370
인천광역시,미추홀구,인천고등학교,230041380
인천광역시,중구,인천공항고등학교,230041397
인천광역시,미추홀구,인천기계공업고등학교,230052415
인천광역시,중구,인천과학고등학교,230043415
인천광역시,서구,인천디자인고등학교,230052435
인천광역시,남동구,인천남고등학교,230041437
인천광역시,연수구,인천여자고등학교,230041450
인천광역시,남동구,인천예술고등학교,230044467
인천광역시,연수구,인천뷰티예술고등학교,230057475
인천광역시,서구,인천체육고등학교,230042485
인천광역시,중구,인천여자상업고등학교,230053505
인천광역시,옹진군,인천영흥고등학교,230041508
인천광역시,미추홀구,인천전자마이스터고등학교,230052512
인천광역시,중구,인천반도체고등학교,230052520
인천광역시,연수구,인천해양과학고등학교,230054530
인천광역시,연수구,인천바이오과학고등학교,230052535
인천광역시,중구,제물포고등학교,230041555
인천광역시,미추홀구,학익고등학교,230041569
인천광역시,미추홀구,학익여자고등학교,230041583
인천광역시,연수구,인천해송고등학교,230041584
인천광역시,남동구,인천고잔고등학교,230041585
인천광역시,남동구,미추홀외국어고등학교,230045586
인천광역시,계양구,인천효성고등학교,230041591
인천광역시,부평구,인천진산과학고등학교,230043613
인천광역시,부평구,인천영선고등학교,230041614
인천광역시,서구,인천원당고등학교,230041615
인천광역시,중구,광성고등학교,230041623
인천광역시,서구,인천보건고등학교,230053628
인천광역시,강화군,산마을고등학교,230041635
인천광역시,연수구,인천대건고등학교,230041646
인천광역시,서구,대인고등학교,230041652
인천광역시,강화군,덕신고등학교,230041657
인천광역시,동구,동산고등학교,230041669
인천광역시,중구,인일여자고등학교,230041681
인천광역시,동구,재능고등학교,230052684
인천광역시,부평구,명신여자고등학교,230041692
인천광역시,부평구,인천산곡고등학교,230041713
인천광역시,남동구,문일여자고등학교,230041715
인천광역시,연수구,박문여자고등학교,230041738
인천광역시,남동구,인천금융고등학교,230053740
인천광역시,서구,서인천고등학교,230041761
인천광역시,서구,문곡고등학교,230053775
인천광역시,연수구,인천과학예술영재학교,230043777
인천광역시,서구,인천마전고등학교,230041778
인천광역시,부평구,세일고등학교,230041807
인천광역시,서구,인천이음고등학교,230041819
인천광역시,연수구,송도고등학교,230041830
인천광역시,남동구,숭덕여자고등학교,230041853
인천광역시,남동구,신명여자고등학교,230041876
인천광역시,동구,영화국제관광고등학교,230053880
인천광역시,부평구,인천외국어고등학교,230045888
인천광역시,미추홀구,정석항공과학고등학교,230052908
인천광역시,중구,인성여자고등학교,230041922
인천광역시,미추홀구,인하대학교사범대학부속고등학교,230041945
인천광역시,부평구,제일고등학교,230041953
인천광역시,중구,인천중앙여자고등학교,230053964
인천광역시,미추홀구,인항고등학교,230041968
인천광역시,서구,한국주얼리고등학교,230052985
인천광역시,계양구,안남고등학교,230041986
인천광역시,계양구,작전고등학교,230041987
인천광역시,계양구,작전여자고등학교,230041988
인천광역시,연수구,옥련여자고등학교,230041989
인천광역시,서구,가좌고등학교,230041990
인천광역시,부평구,부개고등학교,230041992
인천광역시,남동구,도림고등학교,230041993
인천광역시,부평구,인천부흥고등학교,230041994
인천광역시,연수구,신송고등학교,230041995
인천광역시,남동구,인천만수고등학교,230041996
인천광역시,서구,인천신현고등학교,230041997
인천광역시,남동구,인천남동고등학교,230041998
광주광역시,서구,상무고등학교,240041001
광주광역시,광산구,성덕고등학교,240041004
광주광역시,남구,설월여자고등학교,240041041
광주광역시,북구,전남대학교사범대학부설고등학교,240041050
광주광역시,광산구,운남고등학교,240041102
광주광역시,서구,풍암고등학교,240041103
광주광역시,광산구,첨단고등학교,240041104
광주광역시,북구,광주공업고등학교,240052162
광주광역시,북구,광주과학고등학교,240043182
광주광역시,서구,광주여자고등학교,240041223
광주광역시,북구,광주자연과학고등학교,240051224
광주광역시,동구,광주고등학교,240041240
광주광역시,북구,광주예술고등학교,240044241
광주광역시,광산구,광주자동화설비마이스터고등학교,240057286
광주광역시,광산구,광주소프트웨어마이스터고등학교,240052300
광주광역시,북구,광주제일고등학교,240041305
광주광역시,광산구,광주전자공업고등학교,240052320
광주광역시,북구,광주체육고등학교,240042346
광주광역시,광산구,비아고등학교,240041350
광주광역시,서구,전남고등학교,240041428
광주광역시,광산구,전남공업고등학교,240052472
광주광역시,동구,전남여자고등학교,240041510
광주광역시,광산구,동명고등학교,240041601
광주광역시,북구,고려고등학교,240041612
광주광역시,서구,광덕고등학교,240041624
광주광역시,광산구,보문고등학교,240041638
광주광역시,남구,동일미래과학고등학교,240052645
광주광역시,광산구,명진고등학교,240041649
광주광역시,광산구,광일고등학교,240041660
광주광역시,북구,광주경신여자고등학교,240041672
광주광역시,서구,광주대동고등학교,240041684
광주광역시,남구,광주동성고등학교,240041688
광주광역시,북구,광주동신고등학교,240041696
광주광역시,북구,광주동신여자고등학교,240041708
광주광역시,남구,광주여자상업고등학교,240053732
광주광역시,서구,광주서석고등학교,240041732
광주광역시,남구,광주석산고등학교,240041744
광주광역시,남구,광주수피아여자고등학교,240041756
광주광역시,북구,광주숭일고등학교,240041768
광주광역시,남구,서진여자고등학교,240057777
광주광역시,남구,광주인성고등학교,240041780
광주광역시,북구,금호중앙여자고등학교,240041792
광주광역시,광산구,광주진흥고등학교,240041804
광주광역시,남구,동아여자고등학교,240041807
광주광역시,북구,국제고등학교,240041816
광주광역시,북구,금파공업고등학교,240052821
광주광역시,북구,금호고등학교,240041828
광주광역시,남구,대광여자고등학교,240041840
광주광역시,남구,대성여자고등학교,240041852
광주광역시,남구,송원여자상업고등학교,240053865
광주광역시,남구,문성고등학교,240041876
광주광역시,북구,살레시오고등학교,240041890
광주광역시,동구,살레시오여자고등학교,240041895
광주광역시,북구,서강고등학교,240041900
광주광역시,남구,숭의과학기술고등학교,240052908
광주광역시,남구,송원고등학교,240041912
광주광역시,남구,송원여자고등학교,240041924
광주광역시,광산구,숭덕고등학교,240041930
광주광역시,광산구,정광고등학교,240041948
광주광역시,북구,전남여자상업고등학교,240053952
광주광역시,동구,조선대학교부속고등학교,240041960
광주광역시,동구,조선대학교여자고등학교,240041972
광주광역시,남구,호남삼육고등학교,240041984
광주광역시,서구,상일여자고등학교,240041987
광주광역시,북구,문정여자고등학교,240041988
광주광역시,광산구,장덕고등학교,240041989
광주광역시,광산구,수완고등학교,240041990
광주광역시,북구,빛고을고등학교,240041991
대전광역시,유성구,대전반석고등학교,250041030
대전광역시,유성구,대덕고등학교,250041140
대전광역시,중구,대전고등학교,250041180
대전광역시,유성구,대덕소프트웨어마이스터고등학교,250052186
대전광역시,유성구,대전과학고등학교,250043220
대전광역시,유성구,대전전자디자인고등학교,250052222
대전광역시,서구,대전관저고등학교,250041230
대전광역시,서구,대전둔산여자고등학교,250041240
대전광역시,서구,대전만년고등학교,250041250
대전광역시,유성구,대전도시과학고등학교,250052250
대전광역시,대덕구,대전송촌고등학교,250041255
대전광역시,동구,대전여자고등학교,250041260
대전광역시,유성구,대전전민고등학교,250041265
대전광역시,유성구,대전예술고등학교,250041267
대전광역시,서구,대전둔원고등학교,250041270
대전광역시,유성구,대전지족고등학교,250041275
대전광역시,서구,대전구봉고등학교,250041280
대전광역시,서구,대전외국어고등학교,250045280
대전광역시,유성구,대전노은고등학교,250041290
대전광역시,유성구,대전체육고등학교,250042300
대전광역시,대덕구,동대전고등학교,250041340
대전광역시,동구,대전동신과학고등학교,250043380
대전광역시,중구,충남기계공업고등학교,250052380
대전광역시,대덕구,신탄진고등학교,250041420
대전광역시,유성구,유성고등학교,250041460
대전광역시,서구,충남고등학교,250041500
대전광역시,유성구,유성생명과학고등학교,250051500
대전광역시,중구,충남여자고등학교,250041540
대전광역시,서구,한밭고등학교,250041580
대전광역시,중구,남대전고등학교,250041615
대전광역시,중구,대전대성고등학교,250041630
대전광역시,대덕구,대전생활과학고등학교,250052635
대전광역시,서구,대전대신고등학교,250041645
대전광역시,중구,대전동산고등학교,250041660
대전광역시,동구,계룡디지텍고등학교,250052670
대전광역시,서구,대전제일고등학교,250041675
대전광역시,중구,대전성모여자고등학교,250041690
대전광역시,서구,대전괴정고등학교,250041692
대전광역시,유성구,대전용산고등학교,250041694
대전광역시,중구,대전국제통상고등학교,250053697
대전광역시,중구,대전중앙고등학교,250041705
대전광역시,동구,대전대성여자고등학교,250053706
대전광역시,동구,동아마이스터고등학교,250052720
대전광역시,서구,동방고등학교,250041750
대전광역시,동구,명석고등학교,250041765
대전광역시,동구,보문고등학교,250041780
대전광역시,동구,우송고등학교,250041790
대전광역시,대덕구,대전이문고등학교,250041796
대전광역시,서구,서대전고등학교,250041810
대전광역시,중구,대전여자상업고등학교,250053810
대전광역시,서구,서대전여자고등학교,250041825
대전광역시,서구,서일고등학교,250041840
대전광역시,서구,서일여자고등학교,250041855
대전광역시,중구,대전한빛고등학교,250041870
대전광역시,유성구,유성여자고등학교,250041885
대전광역시,유성구,중일고등학교,250041900
대전광역시,중구,청란여자고등학교,250041915
대전광역시,중구,호수돈여자고등학교,250041930
대전광역시,동구,대전가오고등학교,250041931
대전광역시,서구,대전복수고등학교,250041932
대전광역시,중구,대전신일여자고등학교,250053933
대전광역시,유성구,대전도안고등학교,250041999
울산광역시,북구,강동고등학교,260041001
울산광역시,남구,문수고등학교,260041130
울산광역시,울주군,천상고등학교,260041155
울산광역시,울주군,남창고등학교,260041156
울산광역시,중구,다운고등학교,260041161
울산광역시,동구,남목고등학교,260041171
울산광역시,남구,우신고등학교,260041174
울산광역시,울주군,범서고등학교,260041181
울산광역시,북구,울산동천고등학교,260041184
울산광역시,북구,달천고등학교,260041188
울산광역시,동구,대송고등학교,260041191
울산광역시,남구,무거고등학교,260041195
울산광역시,북구,무룡고등학교,260041198
울산광역시,동구,문현고등학교,260041205
울산광역시,동구,방어진고등학교,260041212
울산광역시,남구,울산공업고등학교,260052235
울산광역시,남구,신정고등학교,260041242
울산광역시,울주군,울산과학고등학교,260043252
울산광역시,울주군,울산상업고등학교,260053280
울산광역시,남구,울산여자고등학교,260041324
울산광역시,울주군,울산미용예술고등학교,260056325
울산광역시,동구,울산생활과학고등학교,260056370
울산광역시,울주군,온산고등학교,260041371
울산광역시,중구,울산중앙고등학교,260041380
울산광역시,중구,울산애니원고등학교,260052390
울산광역시,남구,울산여자상업고등학교,260053415
울산광역시,중구,울산가온고등학교,260041436
울산광역시,북구,울산마이스터고등학교,260052460
울산광역시,남구,학성고등학교,260041492
울산광역시,북구,울산에너지고등학교,260052505
울산광역시,중구,학성여자고등학교,260041548
울산광역시,북구,호계고등학교,260041554
울산광역시,동구,화암고등학교,260041560
울산광역시,남구,울산강남고등학교,260041562
울산광역시,중구,약사고등학교,260041563
울산광역시,울주군,언양고등학교,260041564
울산광역시,울주군,울산산업고등학교,260053565
울산광역시,북구,효정고등학교,260041573
울산광역시,남구,대현고등학교,260041575
울산광역시,중구,함월고등학교,260041577
울산광역시,남구,신선여자고등학교,260041579
울산광역시,남구,삼산고등학교,260041581
울산광역시,북구,울산외국어고등학교,260045611
울산광역시,남구,울산삼일고등학교,260041633
울산광역시,울주군,울산기술공업고등학교,260052650
울산광역시,울주군,울산예술고등학교,260041670
울산광역시,남구,성광여자고등학교,260041699
울산광역시,중구,성신고등학교,260041732
울산광역시,울주군,울산경의고등학교,260041748
울산광역시,중구,울산고등학교,260041765
울산광역시,북구,울산스포츠과학고등학교,260042801
울산광역시,남구,울산제일고등학교,260041831
울산광역시,북구,화봉고등학교,260041855
울산광역시,동구,현대공업고등학교,260052880
울산광역시,동구,현대고등학교,260041897
울산광역시,북구,매곡고등학교,260041900
울산광역시,동구,현대청운고등학교,260041946
세종특별자치시,세종시,세종미래고등학교,270052062
세종특별자치시,세종시,세종예술고등학교,270044073
세종특별자치시,세종시,세종장영실고등학교,270056482
세종특별자치시,세종시,도담고등학교,270041057
세종특별자치시,세종시,세종대성고등학교,270041060
세종특별자치시,세종시,한솔고등학교,270041061
세종특별자치시,세종시,세종국제고등학교,270046064
세종특별자치시,세종시,아름고등학교,270041065
세종특별자치시,세종시,고운고등학교,270041066
세종특별자치시,세종시,두루고등학교,270041067
세종특별자치시,세종시,양지고등학교,270041068
세종특별자치시,세종시,종촌고등학교,270041069
세종특별자치시,세종시,보람고등학교,270041070
세종특별자치시,세종시,세종과학예술영재학교,270043070
세종특별자치시,세종시,소담고등학교,270041071
세종특별자치시,세종시,새롬고등학교,270041072
세종특별자치시,세종시,반곡고등학교,270041074
세종특별자치시,세종시,다정고등학교,270041076
세종특별자치시,세종시,해밀고등학교,270041180
세종특별자치시,세종시,세종여자고등학교,270041058
세종특별자치시,세종시,세종고등학교,270041059
세종특별자치시,세종시,세종캠퍼스고등학교,270041387
경기도,김포시,김포제일고등학교,410041002
경기도,오산시,매홀고등학교,410041003
경기도,수원시,수원칠보고등학교,410041004
경기도,파주시,한빛고등학교,410041005
경기도,광주시,초월고등학교,410041006
경기도,파주시,한민고등학교,410041007
경기도,남양주시,별내고등학교,410041011
경기도,고양시,고양동산고등학교,410041012
경기도,하남시,위례고등학교,410041014
경기도,성남시,위례한빛고등학교,410041015
경기도,화성시,하길고등학교,410041016
경기도,화성시,치동고등학교,410041030
경기도,화성시,화담고등학교,410041042
경기도,고양시,가좌고등학교,410041105
경기도,가평군,가평고등학교,410041107
경기도,남양주시,가운고등학교,410041110
경기도,화성시,동탄국제고등학교,410046110
경기도,고양시,고양국제고등학교,410046111
경기도,수원시,수원외국어고등학교,410045111
경기도,양주시,덕현고등학교,410041111
경기도,파주시,동패고등학교,410041112
경기도,남양주시,마석고등학교,410041113
경기도,성남시,판교고등학교,410041114
경기도,용인시,성복고등학교,410041115
경기도,광명시,운산고등학교,410041116
경기도,수원시,경기과학고등학교,410043116
경기도,수원시,율천고등학교,410041117
경기도,의정부시,경기북과학고등학교,410043117
경기도,수원시,경기대명고등학교,410041118
경기도,이천시,이현고등학교,410041119
경기도,수원시,경기체육고등학교,410042120
경기도,고양시,저현고등학교,410041121
경기도,오산시,세교고등학교,410041122
경기도,부천시,계남고등학교,410041124
경기도,수원시,고색고등학교,410041126
경기도,안산시,고잔고등학교,410041128
경기도,이천시,이천세무고등학교,410053128
경기도,파주시,교하고등학교,410041130
경기도,화성시,이산고등학교,410041131
경기도,과천시,과천고등학교,410041132
경기도,시흥시,군서고등학교,410041134
경기도,고양시,고양고등학교,410051135
경기도,과천시,과천중앙고등학교,410041136
경기도,안양시,관양고등학교,410041138
경기도,안양시,경기게임마이스터고등학교,410052138
경기도,포천시,관인고등학교,410041140
경기도,고양시,고양일고등학교,410041142
경기도,광주시,광남고등학교,410041144
경기도,광명시,광명고등학교,410041148
경기도,광명시,창의경영고등학교,410053152
경기도,광명시,광명북고등학교,410041156
경기도,광주시,곤지암고등학교,410058159
경기도,광주시,광주중앙고등학교,410058163
경기도,광명시,명문고등학교,410041164
경기도,광명시,광문고등학교,410041168
경기도,광주시,광주고등학교,410041169
경기도,구리시,구리고등학교,410041172
경기도,시흥시,군자디지털과학고등학교,410052177
경기도,구리시,구리여자고등학교,410041180
경기도,용인시,구성고등학교,410041183
경기도,파주시,금촌고등학교,410041184
경기도,수원시,광교고등학교,410041187
경기도,화성시,신동고등학교,410041189
경기도,수원시,권선고등학교,410041190
경기도,용인시,기흥고등학교,410041191
경기도,김포시,김포고등학교,410041192
경기도,화성시,나루고등학교,410041193
경기도,군포시,군포e비즈니스고등학교,410053194
경기도,하남시,남한고등학교,410041196
경기도,성남시,늘푸른고등학교,410041197
경기도,남양주시,금곡고등학교,410058198
경기도,김포시,운유고등학교,410041199
경기도,고양시,능곡고등학교,410041200
경기도,김포시,김포과학기술고등학교,410052201
경기도,안산시,단원고등학교,410041204
경기도,용인시,대지고등학교,410041206
경기도,수원시,대평고등학교,410041208
경기도,양주시,덕계고등학교,410041209
경기도,부천시,덕산고등학교,410041211
경기도,수원시,망포고등학교,410041212
경기도,수원시,매원고등학교,410041213
경기도,양주시,덕정고등학교,410041214
경기도,남양주시,도농고등학교,410041215
경기도,부천시,도당고등학교,410041216
경기도,용인시,동백고등학교,410041217
경기도,성남시,돌마고등학교,410041218
경기도,화성시,남양고등학교,410058219
경기도,안양시,동안고등학교,410041220
경기도,화성시,동탄고등학교,410041221
경기도,수원시,매탄고등학교,410041222
경기도,남양주시,남양주고등학교,410052223
경기도,고양시,무원고등학교,410041224
경기도,파주시,문산고등학교,410041228
경기도,화성시,반송고등학교,410041229
경기도,부천시,범박고등학교,410041230
경기도,고양시,백마고등학교,410041232
경기도,고양시,백석고등학교,410041236
경기도,동두천시,동두천외국어고등학교,410045238
경기도,동두천시,동두천중앙고등학교,410058239
경기도,용인시,보라고등학교,410041240
경기도,고양시,백신고등학교,410041244
경기도,고양시,백양고등학교,410041246
경기도,이천시,마장고등학교,410041247
경기도,의왕시,백운고등학교,410041248
경기도,화성시,병점고등학교,410041249
경기도,용인시,보정고등학교,410041250
경기도,파주시,봉일천고등학교,410041251
경기도,부천시,부명고등학교,410041252
경기도,화성시,봉담고등학교,410041253
경기도,파주시,문산제일고등학교,410058254
경기도,양주시,양주고등학교,410041255
경기도,부천시,상동고등학교,410041256
경기도,부천시,부천고등학교,410041260
경기도,안산시,경기모바일과학고등학교,410053264
경기도,화성시,발안바이오과학고등학교,410051266
경기도,부천시,부천북고등학교,410041268
경기도,부천시,부천여자고등학교,410041276
경기도,안양시,부흥고등학교,410041284
경기도,용인시,백암고등학교,410058289
경기도,성남시,분당고등학교,410041292
경기도,성남시,분당중앙고등학교,410041296
경기도,성남시,불곡고등학교,410041298
경기도,부천시,경기국제통상고등학교,410053299
경기도,성남시,성남외국어고등학교,410045300
경기도,부천시,부천공업고등학교,410052303
경기도,김포시,사우고등학교,410041304
경기도,부천시,상원고등학교,410041306
경기도,군포시,산본고등학교,410041308
경기도,부천시,상일고등학교,410041309
경기도,용인시,서원고등학교,410041310
경기도,부천시,부천정보산업고등학교,410053311
경기도,성남시,분당경영고등학교,410053313
경기도,김포시,고촌고등학교,410041314
경기도,화성시,새솔고등학교,410041315
경기도,화성시,서연고등학교,410041316
경기도,군포시,경기폴리텍고등학교,410052317
경기도,남양주시,남양주다산고등학교,410041317
경기도,시흥시,목감고등학교,410041318
경기도,성남시,성남테크노과학고등학교,410052320
경기도,부천시,역곡고등학교,410041321
경기도,김포시,운양고등학교,410041322
경기도,성남시,서현고등학교,410041324
경기도,성남시,분당아람고등학교,410053324
경기도,시흥시,서해고등학교,410041328
경기도,안산시,선부고등학교,410041330
경기도,가평군,설악고등학교,410041332
경기도,시흥시,소래고등학교,410041334
경기도,성남시,성남고등학교,410041340
경기도,고양시,성사고등학교,410041345
경기도,용인시,성지고등학교,410041346
경기도,수원시,수원농생명과학고등학교,410051347
경기도,성남시,성남여자고등학교,410041348
경기도,수원시,수원정보과학고등학교,410052348
경기도,고양시,신일비즈니스고등학교,410053349
경기도,안산시,성안고등학교,410041349
경기도,시흥시,경기스마트고등학교,410052350
경기도,오산시,성호고등학교,410041350
경기도,부천시,송내고등학교,410041351
경기도,부천시,소사고등학교,410041352
경기도,광명시,소하고등학교,410041353
경기도,성남시,수내고등학교,410041354
경기도,군포시,수리고등학교,410041355
경기도,수원시,수성고등학교,410041356
경기도,양평군,지평고등학교,410041358
경기도,구리시,수택고등학교,410041359
경기도,안양시,안양공업고등학교,410052359
경기도,부천시,수주고등학교,410041363
경기도,수원시,수원여자고등학교,410041364
경기도,수원시,수일고등학교,410041365
경기도,용인시,수지고등학교,410041366
경기도,평택시,경기물류고등학교,410053366
경기도,수원시,숙지고등학교,410041367
경기도,부천시,심원고등학교,410041368
경기도,시흥시,시흥고등학교,410041369
경기도,하남시,신장고등학교,410041370
경기도,고양시,안곡고등학교,410041371
경기도,안성시,안성고등학교,410041372
경기도,성남시,양영디지털고등학교,410052373
경기도,시흥시,시흥능곡고등학교,410041374
경기도,시흥시,시흥매화고등학교,410041376
경기도,안산시,신길고등학교,410041378
경기도,안성시,안성여자고등학교,410041380
경기도,안양시,안양고등학교,410041388
경기도,화성시,안화고등학교,410041389
경기도,양주시,양주백석고등학교,410041390
경기도,양평군,양평전자과학고등학교,410052394
경기도,안산시,양지고등학교,410041398
경기도,포천시,송우고등학교,410041400
경기도,양평군,양평고등학교,410058401
경기도,여주시,세종고등학교,410041401
경기도,화성시,예당고등학교,410041405
경기도,수원시,영덕고등학교,410041406
경기도,남양주시,와부고등학교,410041407
경기도,용인시,용인고등학교,410041408
경기도,양주시,옥빛고등학교,410041409
경기도,용인시,용인백현고등학교,410041410
경기도,화성시,와우고등학교,410041412
경기도,여주시,여주자영농업고등학교,410051415
경기도,군포시,용호고등학교,410041416
경기도,오산시,운암고등학교,410041417
경기도,오산시,운천고등학교,410041418
경기도,안산시,원곡고등학교,410041420
경기도,화성시,정현고등학교,410041421
경기도,연천군,연천고등학교,410058422
경기도,부천시,원미고등학교,410041424
경기도,부천시,원종고등학교,410041428
경기도,포천시,영북고등학교,410053429
경기도,시흥시,은행고등학교,410041432
경기도,의정부시,의정부고등학교,410041436
경기도,오산시,오산정보고등학교,410053438
경기도,용인시,처인고등학교,410041439
경기도,용인시,용인바이오고등학교,410051440
경기도,의정부시,의정부여자고등학교,410041444
경기도,고양시,향동고등학교,410041445
경기도,의정부시,부용고등학교,410041446
경기도,이천시,율면고등학교,410041447
경기도,의정부시,의정부공업고등학교,410052450
경기도,구리시,갈매고등학교,410041451
경기도,성남시,이매고등학교,410041452
경기도,용인시,상현고등학교,410041459
경기도,이천시,이천고등학교,410041460
경기도,안산시,상록고등학교,410041463
경기도,이천시,이천제일고등학교,410058464
경기도,남양주시,오남고등학교,410041466
경기도,여주시,이포고등학교,410041468
경기도,안양시,인덕원고등학교,410041469
경기도,구리시,인창고등학교,410041470
경기도,포천시,일동고등학교,410058471
경기도,고양시,일산동고등학교,410041472
경기도,시흥시,장곡고등학교,410041473
경기도,고양시,일산고등학교,410052474
경기도,수원시,장안고등학교,410041474
경기도,이천시,장호원고등학교,410041476
경기도,의왕시,의왕고등학교,410041477
경기도,평택시,이충고등학교,410041478
경기도,고양시,저동고등학교,410041480
경기도,고양시,일산국제컨벤션고등학교,410053485
경기도,고양시,정발고등학교,410041488
경기도,시흥시,정왕고등학교,410041489
경기도,고양시,주엽고등학교,410041492
경기도,용인시,죽전고등학교,410041493
경기도,수원시,조원고등학교,410041494
경기도,고양시,중산고등학교,410041496
경기도,부천시,중원고등학교,410041498
경기도,안성시,일죽고등학교,410051499
경기도,부천시,중흥고등학교,410041500
경기도,남양주시,진건고등학교,410041502
경기도,수원시,천천고등학교,410041503
경기도,수원시,청명고등학교,410041504
경기도,용인시,청덕고등학교,410041506
경기도,양평군,청운고등학교,410041508
경기도,남양주시,청학고등학교,410041509
경기도,안산시,초지고등학교,410041510
경기도,용인시,초당고등학교,410041511
경기도,광명시,충현고등학교,410041512
경기도,안양시,충훈고등학교,410041513
경기도,파주시,적성융합고등학교,410053513
경기도,수원시,태장고등학교,410041514
경기도,구리시,토평고등학교,410041515
경기도,남양주시,퇴계원고등학교,410041516
경기도,남양주시,평내고등학교,410041517
경기도,연천군,전곡고등학교,410058520
경기도,화성시,창의고등학교,410041521
경기도,안양시,평촌고등학교,410041524
경기도,평택시,태광고등학교,410041525
경기도,여주시,점동고등학교,410041527
경기도,평택시,비전고등학교,410041531
경기도,평택시,평택고등학교,410041532
경기도,가평군,조종고등학교,410058534
경기도,고양시,경기영상과학고등학교,410052537
경기도,용인시,포곡고등학교,410041538
경기도,포천시,포천고등학교,410041540
경기도,시흥시,함현고등학교,410041541
경기도,고양시,행신고등학교,410041542
경기도,성남시,한솔고등학교,410041543
경기도,고양시,화수고등학교,410041544
경기도,안성시,죽산고등학교,410058544
경기도,고양시,화정고등학교,410041546
경기도,수원시,화홍고등학교,410041547
경기도,수원시,효원고등학교,410041548
경기도,가평군,청평고등학교,410041555
경기도,군포시,흥진고등학교,410041556
경기도,수원시,수원하이텍고등학교,410052556
경기도,안양시,평촌과학기술고등학교,410052557
경기도,안산시,성포고등학교,410041559
경기도,안양시,평촌경영고등학교,410053559
경기도,평택시,평택마이스터고등학교,410052562
경기도,화성시,이솔고등학교,410041568
경기도,부천시,경기예술고등학교,410044569
경기도,평택시,평택여자고등학교,410058569
경기도,평택시,송탄고등학교,410041576
경기도,포천시,포천일고등학교,410058577
경기도,하남시,하남경영고등학교,410053579
경기도,안산시,송호고등학교,410041580
경기도,의정부시,송현고등학교,410041581
경기도,김포시,하성고등학교,410058583
경기도,이천시,한국도예고등학교,410052584
경기도,하남시,한국애니메이션고등학교,410052585
경기도,화성시,향남고등학교,410041586
경기도,용인시,풍덕고등학교,410041588
경기도,고양시,풍동고등학교,410041589
경기도,김포시,풍무고등학교,410041590
경기도,평택시,현화고등학교,410041591
경기도,용인시,현암고등학교,410041592
경기도,남양주시,호평고등학교,410041593
경기도,의정부시,호원고등학교,410041595
경기도,용인시,용인홍천고등학교,410041596
경기도,이천시,효양고등학교,410041597
경기도,의정부시,효자고등학교,410041599
경기도,고양시,고양외국어고등학교,410045603
경기도,의정부시,경민고등학교,410041605
경기도,고양시,고양예술고등학교,410044607
경기도,의정부시,경민비즈니스고등학교,410053607
경기도,김포시,김포외국어고등학교,410045608
경기도,의정부시,경민IT고등학교,410052608
경기도,안산시,경일관광경영고등학교,410053609
경기도,가평군,청심국제고등학교,410046611
경기도,광주시,경화여자고등학교,410041611
경기도,안산시,경안고등학교,410041612
경기도,성남시,계원예술고등학교,410044615
경기도,광주시,경화여자English Business고등학교,410053618
경기도,과천시,과천여자고등학교,410041620
경기도,고양시,대화고등학교,410041623
경기도,고양시,백송고등학교,410041624
경기도,과천시,과천외국어고등학교,410045625
경기도,의정부시,의정부광동고등학교,410041630
경기도,안산시,부곡고등학교,410041632
경기도,군포시,군포고등학교,410041635
경기도,광명시,경기항공고등학교,410052636
경기도,성남시,낙생고등학교,410041640
경기도,파주시,광탄고등학교,410058642
경기도,여주시,대신고등학교,410041645
경기도,남양주시,덕소고등학교,410041650
경기도,안양시,근명고등학교,410053651
경기도,남양주시,판곡고등학교,410041654
경기도,양주시,한국외식과학고등학교,410056657
경기도,포천시,동남고등학교,410041657
경기도,동두천시,동두천고등학교,410041660
경기도,수원시,동우여자고등학교,410041665
경기도,동두천시,한국문화영상고등학교,410053668
경기도,수원시,동원동우고등학교,410041670
경기도,파주시,심학고등학교,410041672
경기도,김포시,장기고등학교,410041673
경기도,남양주시,동화고등학교,410041675
경기도,화성시,두레자연고등학교,410041676
경기도,안양시,백영고등학교,410041677
경기도,평택시,동일공업고등학교,410052678
경기도,수원시,매향여자정보고등학교,410053688
경기도,성남시,분당대진고등학교,410041690
경기도,파주시,문산수억고등학교,410058690
경기도,동두천시,한빛누리고등학교,410041695
경기도,화성시,비봉고등학교,410058702
경기도,수원시,곡정고등학교,410041703
경기도,화성시,한백고등학교,410041704
경기도,파주시,삼광고등학교,410041705
경기도,의정부시,상우고등학교,410041706
경기도,화성시,삼괴고등학교,410041708
경기도,구리시,서울삼육고등학교,410041710
경기도,안양시,성문고등학교,410041714
경기도,수원시,중앙기독고등학교,410041716
경기도,안산시,대부고등학교,410041718
경기도,수원시,삼일공업고등학교,410052720
경기도,성남시,성일고등학교,410041725
경기도,수원시,삼일고등학교,410053726
경기도,성남시,동광고등학교,410041730
경기도,하남시,감일고등학교,410041734
경기도,고양시,세원고등학교,410041735
경기도,부천시,소명여자고등학교,410041740
경기도,고양시,신원고등학교,410041744
경기도,성남시,성보경영고등학교,410053744
경기도,성남시,송림고등학교,410041745
경기도,평택시,라온고등학교,410041750
경기도,파주시,운정고등학교,410041753
경기도,화성시,홍익디자인고등학교,410052755
경기도,성남시,성일정보고등학교,410053759
경기도,수원시,수원고등학교,410041760
경기도,화성시,송산고등학교,410041762
경기도,성남시,숭신여자고등학교,410041765
경기도,수원시,수원공업고등학교,410052768
경기도,부천시,시온고등학교,410041770
경기도,수원시,한봄고등학교,410052771
경기도,용인시,신갈고등학교,410041775
경기도,김포시,솔터고등학교,410041777
경기도,남양주시,심석고등학교,410041778
경기도,안양시,신성고등학교,410041780
경기도,안산시,안산국제비즈니스고등학교,410053783
경기도,평택시,신한고등학교,410041785
경기도,안산시,안산공업고등학교,410052786
경기도,동두천시,신흥고등학교,410041790
경기도,안성시,안법고등학교,410041795
경기도,안산시,안산동산고등학교,410041796
경기도,안산시,안산강서고등학교,410041800
경기도,안성시,두원공업고등학교,410052804
경기도,안산시,안산고등학교,410041805
경기도,안양시,안양여자고등학교,410041810
경기도,수원시,호매실고등학교,410041811
경기도,안성시,가온고등학교,410058814
경기도,안양시,안양문화고등학교,410053816
경기도,안양시,안양예술고등학교,410044816
경기도,안양시,안양외국어고등학교,410045817
경기도,성남시,야탑고등학교,410041821
경기도,평택시,안중고등학교,410058822
경기도,안양시,양명고등학교,410041825
경기도,김포시,양곡고등학교,410041828
경기도,안양시,양명여자고등학교,410041830
경기도,양평군,양동고등학교,410058834
경기도,여주시,여주고등학교,410041835
경기도,양평군,양서고등학교,410058840
경기도,양평군,양일고등학교,410041843
경기도,성남시,분당영덕여자고등학교,410041845
경기도,수원시,영복여자고등학교,410041850
경기도,여주시,여강고등학교,410041852
경기도,수원시,영생고등학교,410041855
경기도,의정부시,동국대학교사범대학부속영석고등학교,410041860
경기도,여주시,여주제일고등학교,410058861
경기도,양평군,용문고등학교,410058864
경기도,수원시,영신여자고등학교,410041865
경기도,김포시,김포호수고등학교,410041867
경기도,오산시,오산고등학교,410041870
경기도,용인시,덕영고등학교,410053873
경기도,광명시,광휘고등학교,410041876
경기도,의왕시,우성고등학교,410041880
경기도,평택시,은혜고등학교,410041882
경기도,수원시,유신고등학교,410041885
경기도,의왕시,모락고등학교,410041888
경기도,이천시,이천양정여자고등학교,410041889
경기도,이천시,다산고등학교,410058890
경기도,파주시,율곡고등학교,410041890
경기도,성남시,이우고등학교,410041891
경기도,고양시,일산대진고등학교,410041892
경기도,부천시,정명고등학교,410041895
경기도,이천시,부원고등학교,410058895
경기도,화성시,향일고등학교,410041897
경기도,안산시,안산디자인문화고등학교,410053899
경기도,부천시,경기경영고등학교,410053901
경기도,의왕시,경기외국어고등학교,410045903
경기도,파주시,지산고등학교,410041903
경기도,남양주시,별가람고등학교,410041905
경기도,광명시,진성고등학교,410041907
경기도,평택시,진위고등학교,410058909
경기도,수원시,창현고등학교,410041910
경기도,용인시,용인한국외국어대학교부설고등학교,410041911
경기도,여주시,경기관광고등학교,410053912
경기도,용인시,태성고등학교,410041915
경기도,평택시,청담고등학교,410053915
경기도,하남시,미사강변고등학교,410041919
경기도,성남시,태원고등학교,410041920
경기도,광주시,태전고등학교,410041921
경기도,의왕시,내손고등학교,410041922
경기도,용인시,신봉고등학교,410041924
경기도,시흥시,배곧고등학교,410041925
경기도,김포시,통진고등학교,410058930
경기도,용인시,고림고등학교,410041930
경기도,고양시,서정고등학교,410041933
경기도,성남시,풍생고등학교,410041935
경기도,파주시,세경고등학교,410052936
경기도,하남시,하남고등학교,410041940
경기도,안성시,한겨레고등학교,410041942
경기도,평택시,한광고등학교,410041945
경기도,파주시,파주여자고등학교,410058948
경기도,평택시,한광여자고등학교,410041950
경기도,고양시,덕이고등학교,410041952
경기도,평택시,한국관광고등학교,410053952
경기도,군포시,군포중앙고등학교,410041953
경기도,파주시,파주고등학교,410041954
경기도,시흥시,한국조리과학고등학교,410056955
경기도,안산시,한국디지털미디어고등학교,410053956
경기도,시흥시,경기자동차과학고등학교,410052957
경기도,화성시,화성고등학교,410041964
경기도,성남시,효성고등학교,410041965
경기도,김포시,마송고등학교,410041966
경기도,남양주시,진접고등학교,410041967
경기도,성남시,보평고등학교,410041968
경기도,성남시,복정고등학교,410041969
경기도,성남시,운중고등학교,410041970
경기도,시흥시,신천고등학교,410041971
경기도,안산시,광덕고등학교,410041972
경기도,안성시,경기창조고등학교,410041973
경기도,오산시,세마고등학교,410041974
경기도,용인시,흥덕고등학교,410041975
경기도,의정부시,발곡고등학교,410041976
경기도,화성시,능동고등학교,410041977
경기도,남양주시,광동고등학교,410041978
경기도,평택시,효명고등학교,410041979
경기도,수원시,이의고등학교,410041980
경기도,의정부시,송양고등학교,410041981
경기도,양주시,옥정고등학교,410041982
경기도,평택시,청북고등학교,410041983
경기도,고양시,도래울고등학교,410041984
경기도,화성시,동탄중앙고등학교,410041985
경기도,화성시,화성반월고등학교,410041986
경기도,하남시,미사고등학교,410041987
경기도,용인시,용인삼계고등학교,410041988
경기도,하남시,풍산고등학교,410041994
경기도,용인시,서천고등학교,410041999
강원특별자치도,춘천시,강원대학교사범대학부설고등학교,420041050
강원특별자치도,삼척시,가곡고등학교,420041107
강원특별자치도,화천군,간동고등학교,420041114
강원특별자치도,횡성군,갑천고등학교,420041121
강원특별자치도,강릉시,강릉제일고등학교,420041123
강원특별자치도,강릉시,강릉고등학교,420041128
강원특별자치도,춘천시,강원애니고등학교,420052130
강원특별자치도,강릉시,강릉여자고등학교,420041135
강원특별자치도,강릉시,경포고등학교,420041142
강원특별자치도,원주시,강원과학고등학교,420043142
강원특별자치도,강릉시,강원예술고등학교,420044146
강원특별자치도,춘천시,강원체육고등학교,420042149
강원특별자치도,정선군,고한고등학교,420041150
강원특별자치도,삼척시,한국에너지마이스터고등학교,420052155
강원특별자치도,고성군,고성고등학교,420041163
강원특별자치도,철원군,김화공업고등학교,420052165
강원특별자치도,인제군,기린고등학교,420041177
강원특별자치도,평창군,대화고등학교,420041180
강원특별자치도,철원군,김화고등학교,420041184
강원특별자치도,삼척시,도계고등학교,420041190
강원특별자치도,삼척시,도계전산정보고등학교,420053195
강원특별자치도,홍천군,내면고등학교,420041198
강원특별자치도,원주시,섬강고등학교,420041200
강원특별자치도,고성군,대진고등학교,420041205
강원특별자치도,동해시,동해상업고등학교,420053225
강원특별자치도,횡성군,둔내고등학교,420041226
강원특별자치도,고성군,거진고등학교,420052233
강원특별자치도,영월군,마차고등학교,420041233
강원특별자치도,동해시,묵호고등학교,420041240
강원특별자치도,평창군,봉평고등학교,420041254
강원특별자치도,원주시,원주금융회계고등학교,420053261
강원특별자치도,춘천시,봉의고등학교,420041267
강원특별자치도,원주시,북원여자고등학교,420041269
강원특별자치도,원주시,문막고등학교,420041270
강원특별자치도,동해시,북평고등학교,420041271
강원특별자치도,정선군,사북고등학교,420041273
강원특별자치도,삼척시,삼척여자고등학교,420041277
강원특별자치도,동해시,북평여자고등학교,420041282
강원특별자치도,속초시,설악고등학교,420058285
강원특별자치도,화천군,사내고등학교,420041289
강원특별자치도,철원군,신철원고등학교,420041300
강원특별자치도,삼척시,삼척고등학교,420041303
강원특별자치도,양구군,양구여자고등학교,420041310
강원특별자치도,양구군,양구고등학교,420041315
강원특별자치도,영월군,상동고등학교,420041317
강원특별자치도,홍천군,강원생활과학고등학교,420056320
강원특별자치도,홍천군,서석고등학교,420041324
강원특별자치도,영월군,한국소방마이스터고등학교,420052330
강원특별자치도,속초시,속초고등학교,420041331
강원특별자치도,춘천시,춘천한샘고등학교,420056333
강원특별자치도,속초시,속초여자고등학교,420041338
강원특별자치도,원주시,미래고등학교,420052345
강원특별자치도,인제군,신남고등학교,420041345
강원특별자치도,횡성군,안흥고등학교,420041352
강원특별자치도,양양군,양양고등학교,420041366
강원특별자치도,인제군,인제고등학교,420041370
강원특별자치도,정선군,여량고등학교,420041380
강원특별자치도,영월군,영월고등학교,420041387
강원특별자치도,삼척시,원덕고등학교,420041394
강원특별자치도,원주시,원주고등학교,420041401
강원특별자치도,원주시,원주여자고등학교,420041408
강원특별자치도,인제군,원통고등학교,420041415
강원특별자치도,고성군,동광산업과학고등학교,420052420
강원특별자치도,영월군,주천고등학교,420058425
강원특별자치도,정선군,임계고등학교,420041429
강원특별자치도,평창군,진부고등학교,420041430
강원특별자치도,태백시,장성여자고등학교,420041436
강원특별자치도,정선군,정선고등학교,420041440
강원특별자치도,철원군,철원여자고등학교,420041441
강원특별자치도,강릉시,주문진고등학교,420041457
강원특별자치도,춘천시,춘천기계공업고등학교,420052460
강원특별자치도,태백시,철암고등학교,420041471
강원특별자치도,철원군,철원고등학교,420041478
강원특별자치도,태백시,한국항공고등학교,420052485
강원특별자치도,춘천시,춘천고등학교,420041506
강원특별자치도,정선군,함백고등학교,420058510
강원특별자치도,춘천시,춘천여자고등학교,420041513
강원특별자치도,홍천군,홍천농업고등학교,420051515
강원특별자치도,원주시,치악고등학교,420041520
강원특별자치도,평창군,평창고등학교,420041527
강원특별자치도,태백시,황지정보산업고등학교,420053545
강원특별자치도,홍천군,홍천고등학교,420041548
강원특별자치도,화천군,화천정보산업고등학교,420052554
강원특별자치도,홍천군,홍천여자고등학교,420041555
강원특별자치도,화천군,화천고등학교,420041562
강원특별자치도,정선군,정선정보공업고등학교,420052563
강원특별자치도,횡성군,횡성여자고등학교,420041565
강원특별자치도,횡성군,현천고등학교,420041567
강원특별자치도,태백시,황지고등학교,420041569
강원특별자치도,횡성군,횡성고등학교,420041576
강원특별자치도,춘천시,강원생명과학고등학교,420051603
강원특별자치도,강릉시,강릉명륜고등학교,420041625
강원특별자치도,강릉시,강릉문성고등학교,420058633
강원특별자치도,춘천시,강원고등학교,420041675
강원특별자치도,평창군,상지대관령고등학교,420058699
강원특별자치도,강릉시,강일여자고등학교,420041700
강원특별자치도,원주시,대성고등학교,420041725
강원특별자치도,동해시,동해광희고등학교,420058745
강원특별자치도,동해시,동해삼육고등학교,420041750
강원특별자치도,횡성군,민족사관고등학교,420041765
강원특별자치도,원주시,상지여자고등학교,420041767
강원특별자치도,양구군,강원외국어고등학교,420041770
강원특별자치도,영월군,석정여자고등학교,420058798
강원특별자치도,삼척시,삼일고등학교,420041800
강원특별자치도,원주시,영서고등학교,420051830
강원특별자치도,춘천시,성수고등학교,420041850
강원특별자치도,춘천시,성수여자고등학교,420041864
강원특별자치도,강릉시,강릉정보공업고등학교,420056869
강원특별자치도,원주시,원주삼육고등학교,420041875
강원특별자치도,춘천시,유봉여자고등학교,420041900
강원특별자치도,강릉시,강릉중앙고등학교,420052913
강원특별자치도,원주시,육민관고등학교,420041925
강원특별자치도,원주시,원주의료고등학교,420052945
강원특별자치도,춘천시,전인고등학교,420041950
강원특별자치도,홍천군,팔렬고등학교,420041955
강원특별자치도,원주시,진광고등학교,420041975
충청북도,청주시,충북대학교사범대학부설고등학교,430041005
충청북도,청주시,청주공업고등학교,430052005
충청북도,청주시,금천고등학교,430041010
충청북도,청주시,청주하이텍고등학교,430052010
충청북도,청주시,상당고등학교,430041015
충청북도,청주시,청주농업고등학교,430051016
충청북도,청주시,청주고등학교,430041020
충청북도,청주시,충북공업고등학교,430052020
충청북도,청주시,청주여자고등학교,430041025
충청북도,청주시,충북상업정보고등학교,430053025
충청북도,청주시,대성여자상업고등학교,430053030
충청북도,청주시,청주외국어고등학교,430045030
충청북도,청주시,청주중앙여자고등학교,430041035
충청북도,청주시,충북고등학교,430041040
충청북도,청주시,청주여자상업고등학교,430053040
충청북도,청주시,충북과학고등학교,430043043
충청북도,청주시,충북예술고등학교,430044045
충청북도,충주시,충주공업고등학교,430052045
충청북도,진천군,충북체육고등학교,430042050
충청북도,충주시,국원고등학교,430041050
충청북도,옥천군,충북산업과학고등학교,430053053
충청북도,청주시,세광고등학교,430041055
충청북도,충주시,충주상업고등학교,430053055
충청북도,청주시,양청고등학교,430041056
충청북도,청주시,청주신흥고등학교,430041060
충청북도,충주시,한림디자인고등학교,430053060
충청북도,제천시,제천디지털전자고등학교,430052065
충청북도,청주시,운호고등학교,430041065
충청북도,청주시,일신여자고등학교,430041070
충청북도,제천시,제천제일고등학교,430041071
충청북도,제천시,제천상업고등학교,430053075
충청북도,청주시,청석고등학교,430041075
충청북도,제천시,제천산업고등학교,430052080
충청북도,청주시,충북여자고등학교,430041080
충청북도,청주시,충북에너지고등학교,430052085
충청북도,충주시,충주고등학교,430041090
충청북도,청주시,청주IT과학고등학교,430053095
충청북도,충주시,충주여자고등학교,430041095
충청북도,보은군,충북생명산업고등학교,430051100
충청북도,충주시,충주예성여자고등학교,430041100
충청북도,보은군,보은정보고등학교,430053105
충청북도,충주시,충주대원고등학교,430041105
충청북도,충주시,충주중산고등학교,430041110
충청북도,영동군,영동산업과학고등학교,430051114
충청북도,충주시,충원고등학교,430041115
충청북도,제천시,제천고등학교,430041120
충청북도,영동군,학산고등학교,430041121
충청북도,영동군,영동미래고등학교,430053125
충청북도,제천시,제천여자고등학교,430041125
충청북도,제천시,세명고등학교,430041130
충청북도,진천군,한국바이오마이스터고등학교,430051130
충청북도,진천군,진천상업고등학교,430053135
충청북도,청주시,한국교원대학교부설고등학교,430041135
충청북도,증평군,증평공업고등학교,430052140
충청북도,청주시,오창고등학교,430041140
충청북도,증평군,충북비즈니스고등학교,430053145
충청북도,음성군,충북반도체고등학교,430052150
충청북도,청주시,양업고등학교,430041150
충청북도,보은군,보은여자고등학교,430041155
충청북도,단양군,한국호텔관광고등학교,430056160
충청북도,보은군,보은고등학교,430041160
충청북도,옥천군,옥천고등학교,430041165
충청북도,옥천군,청산고등학교,430041170
충청북도,영동군,영동고등학교,430041175
충청북도,영동군,황간고등학교,430041180
충청북도,진천군,진천고등학교,430041185
충청북도,진천군,광혜원고등학교,430041190
충청북도,괴산군,괴산고등학교,430041195
충청북도,증평군,형석고등학교,430041205
충청북도,음성군,음성고등학교,430041210
충청북도,음성군,대금고등학교,430041212
충청북도,단양군,단양고등학교,430041220
충청북도,청주시,청주대성고등학교,430041235
충청북도,청주시,주성고등학교,430041245
충청북도,청주시,흥덕고등학교,430041250
충청북도,청주시,서원고등학교,430041255
충청북도,음성군,매괴고등학교,430041260
충청북도,청주시,봉명고등학교,430041265
충청북도,청주시,산남고등학교,430041270
충청북도,청주시,청원고등학교,430041275
충청북도,청주시,오송고등학교,430041280
충청북도,진천군,서전고등학교,430041285
충청북도,충주시,중앙탑고등학교,430041326
충청북도,음성군,동성고등학교,430041953
충청남도,공주시,국립공주대학교사범대학부설고등학교,440041030
충청남도,홍성군,한국K-POP고등학교,440053085
충청남도,공주시,공주영명고등학교,440041089
충청남도,천안시,한마음고등학교,440041101
충청남도,서천군,비전고등학교,440041102
충청남도,홍성군,갈산고등학교,440041108
충청남도,아산시,배방고등학교,440041110
충청남도,아산시,충남삼성고등학교,440041111
충청남도,논산시,강경상업고등학교,440053115
충청남도,홍성군,홍성공업고등학교,440052120
충청남도,논산시,강경고등학교,440041124
충청남도,공주시,공주생명과학고등학교,440051130
충청남도,공주시,공주고등학교,440041140
충청남도,홍성군,충남드론항공고등학교,440053145
충청남도,공주시,공주여자고등학교,440041148
충청남도,금산군,금산고등학교,440041156
충청남도,금산군,금산산업고등학교,440051160
충청남도,금산군,금산여자고등학교,440041163
충청남도,논산시,국방항공고등학교,440052170
충청남도,논산시,논산고등학교,440041172
충청남도,논산시,논산여자고등학교,440041180
충청남도,당진시,당진고등학교,440041184
충청남도,당진시,당진정보고등학교,440053185
충청남도,보령시,충남해양과학고등학교,440054195
충청남도,보령시,대천고등학교,440041196
충청남도,보령시,대천여자상업고등학교,440053200
충청남도,예산군,덕산고등학교,440041202
충청남도,아산시,아산스마트팩토리마이스터고등학교,440052203
충청남도,보령시,대천여자고등학교,440041204
충청남도,부여군,부여전자고등학교,440052213
충청남도,부여군,부여정보고등학교,440053215
충청남도,서산시,서산중앙고등학교,440051220
충청남도,태안군,만리포고등학교,440041228
충청남도,서산시,서산여자고등학교,440041230
충청남도,천안시,천안불당고등학교,440041235
충청남도,천안시,목천고등학교,440041236
충청남도,천안시,병천고등학교,440056244
충청남도,아산시,아산충무고등학교,440041247
충청남도,논산시,연무마이스터고등학교,440052250
충청남도,서산시,부석고등학교,440041252
충청남도,부여군,부여고등학교,440041260
충청남도,부여군,부여여자고등학교,440041268
충청남도,서산시,서산고등학교,440041272
충청남도,예산군,충남반도체마이스터고등학교,440052275
충청남도,아산시,온양여자고등학교,440041280
충청남도,서천군,서천고등학교,440041284
충청남도,서산시,서산공업고등학교,440052290
충청남도,서천군,서천여자고등학교,440041292
충청남도,공주시,공주마이스터고등학교,440052305
충청남도,태안군,안면고등학교,440041308
충청남도,예산군,예산여자고등학교,440041316
충청남도,서천군,장항공업고등학교,440052320
충청남도,아산시,온양고등학교,440041332
충청남도,보령시,주산산업고등학교,440051340
충청남도,계룡시,용남고등학교,440041348
충청남도,금산군,금산하이텍고등학교,440052350
충청남도,천안시,천안공업고등학교,440052360
충청남도,보령시,웅천고등학교,440041364
충청남도,천안시,천안제일고등학교,440051370
충청남도,청양군,청양고등학교,440051381
충청남도,청양군,정산고등학교,440041388
충청남도,논산시,충남인터넷고등학교,440053405
충청남도,서천군,충남디자인예술고등학교,440044411
충청남도,천안시,천안여자고등학교,440041420
충청남도,천안시,천안중앙고등학교,440041428
충청남도,당진시,합덕제철고등학교,440052430
충청남도,공주시,충남과학고등학교,440043436
충청남도,공주시,공주금성여자고등학교,440041440
충청남도,천안시,충남예술고등학교,440044440
충청남도,논산시,충남체육고등학교,440042444
충청남도,부여군,한국식품마이스터고등학교,440051450
충청남도,태안군,태안고등학교,440041452
충청남도,당진시,합덕고등학교,440041460
충청남도,홍성군,홍성고등학교,440041476
충청남도,천안시,천안두정고등학교,440041480
충청남도,천안시,천안오성고등학교,440041481
충청남도,홍성군,홍성여자고등학교,440041484
충청남도,천안시,천안월봉고등학교,440041500
충청남도,천안시,천안쌍용고등학교,440041502
충청남도,아산시,온양용화고등학교,440041504
충청남도,천안시,천안신당고등학교,440041506
충청남도,계룡시,계룡고등학교,440041508
충청남도,천안시,성환고등학교,440057563
충청남도,천안시,천안업성고등학교,440041600
충청남도,논산시,건양대학교병설건양고등학교,440041614
충청남도,아산시,이순신고등학교,440041637
충청남도,공주시,공주정보고등학교,440053645
충청남도,홍성군,서해삼육고등학교,440041656
충청남도,논산시,논산여자상업고등학교,440053660
충청남도,논산시,논산대건고등학교,440041670
충청남도,예산군,삽교고등학교,440041675
충청남도,예산군,대흥고등학교,440041684
충청남도,서천군,서천여자정보고등학교,440053695
충청남도,천안시,복자여자고등학교,440041698
충청남도,아산시,충남외국어고등학교,440045700
충청남도,아산시,설화고등학교,440041711
충청남도,서산시,서령고등학교,440041726
충청남도,당진시,서야고등학교,440041740
충청남도,예산군,예산예화여자고등학교,440053750
충청남도,당진시,송악고등학교,440041768
충청남도,당진시,신평고등학교,440041782
충청남도,아산시,한올고등학교,440041783
충청남도,논산시,쌘뽈여자고등학교,440041796
충청남도,서산시,대산고등학교,440041800
충청남도,아산시,아산고등학교,440041810
충청남도,논산시,연무고등학교,440041838
충청남도,천안시,천안청수고등학교,440041850
충청남도,천안시,천안상업고등학교,440053855
충청남도,예산군,예산고등학교,440041866
충청남도,천안시,천안여자상업고등학교,440053870
충청남도,서천군,장항고등학교,440041880
충청남도,서산시,서일고등학교,440041910
충청남도,태안군,태안여자고등학교,440041915
충청남도,천안시,천안고등학교,440041922
충청남도,천안시,북일고등학교,440041936
충청남도,천안시,북일여자고등학교,440041938
충청남도,공주시,한일고등학교,440041950
충청남도,당진시,호서고등학교,440041964
충청남도,홍성군,홍주고등학교,440041978
전북특별자치도,고창군,자유고등학교,450041005
전북특별자치도,익산시,진경여자고등학교,450056022
전북특별자치도,고창군,전북인공지능고등학교,450053032
전북특별자치도,부안군,부안여자고등학교,450041041
전북특별자치도,익산시,전북기계공업고등학교,450052050
전북특별자치도,전주시,전북대학교사범대학부설고등학교,450041050
전북특별자치도,군산시,군산상일고등학교,450041061
전북특별자치도,김제시,지평선고등학교,450041100
전북특별자치도,진안군,한국한방고등학교,450051101
전북특별자치도,완주군,고산고등학교,450041110
전북특별자치도,고창군,고창고등학교,450041119
전북특별자치도,군산시,군산기계공업고등학교,450052130
전북특별자치도,군산시,군산여자상업고등학교,450053145
전북특별자치도,김제시,김제고등학교,450041150
전북특별자치도,군산시,군산고등학교,450041157
전북특별자치도,군산시,한들고등학교,450041159
전북특별자치도,김제시,김제여자고등학교,450041160
전북특별자치도,군산시,군산동고등학교,450041162
전북특별자치도,군산시,군산여자고등학교,450041175
전북특별자치도,김제시,김제농생명마이스터고등학교,450051175
전북특별자치도,남원시,남원용성고등학교,450051180
전북특별자치도,남원시,남원고등학교,450041195
전북특별자치도,진안군,마령고등학교,450041210
전북특별자치도,남원시,남원여자고등학교,450041214
전북특별자치도,순창군,동계고등학교,450041220
전북특별자치도,익산시,원광보건고등학교,450056229
전북특별자치도,부안군,부안고등학교,450041240
전북특별자치도,부안군,전북베이커리고등학교,450051250
전북특별자치도,무주군,무풍고등학교,450041252
전북특별자치도,장수군,산서고등학교,450041271
전북특별자치도,완주군,수소에너지고등학교,450052280
전북특별자치도,완주군,한별고등학교,450041291
전북특별자치도,무주군,설천고등학교,450041300
전북특별자치도,진안군,안천고등학교,450041309
전북특별자치도,순창군,순창제일고등학교,450041320
전북특별자치도,부안군,위도고등학교,450041328
전북특별자치도,무주군,안성고등학교,450041330
전북특별자치도,익산시,여산고등학교,450041340
전북특별자치도,익산시,이리고등학교,450041347
전북특별자치도,임실군,전북펫고등학교,450051350
전북특별자치도,익산시,이리여자고등학교,450041366
전북특별자치도,익산시,이리공업고등학교,450052370
전북특별자치도,남원시,인월고등학교,450041390
전북특별자치도,임실군,임실고등학교,450041400
전북특별자치도,전주시,전라고등학교,450041404
전북특별자치도,임실군,한국치즈과학고등학교,450051410
전북특별자치도,장수군,전북유니텍고등학교,450052420
전북특별자치도,익산시,전북과학고등학교,450043423
전북특별자치도,장수군,장수고등학교,450041430
전북특별자치도,남원시,한국경마축산고등학교,450051440
전북특별자치도,완주군,전북체육고등학교,450042442
전북특별자치도,익산시,이리남성여자고등학교,450041450
전북특별자치도,전주시,전주공업고등학교,450052460
전북특별자치도,전주시,전주고등학교,450041461
전북특별자치도,전주시,전주솔내고등학교,450041465
전북특별자치도,전주시,전주생명과학고등학교,450051470
전북특별자치도,전주시,전주여자고등학교,450041480
전북특별자치도,전주시,전주제일고등학교,450041481
전북특별자치도,전주시,전주상업정보고등학교,450053490
전북특별자치도,정읍시,정읍여자고등학교,450041499
전북특별자치도,정읍시,정읍고등학교,450041500
전북특별자치도,완주군,전주예술고등학교,450041502
전북특별자치도,정읍시,정읍제일고등학교,450051510
전북특별자치도,부안군,줄포자동차공업고등학교,450052541
전북특별자치도,진안군,한국기술부사관고등학교,450052550
전북특별자치도,김제시,덕암정보고등학교,450056551
전북특별자치도,진안군,진안제일고등학교,450041560
전북특별자치도,정읍시,칠보고등학교,450052571
전북특별자치도,익산시,함열고등학교,450041580
전북특별자치도,고창군,해리고등학교,450041590
전북특별자치도,고창군,강호항공고등학교,450052613
전북특별자치도,군산시,군산제일고등학교,450041618
전북특별자치도,전주시,전주근영여자고등학교,450041627
전북특별자치도,고창군,고창북고등학교,450041628
전북특별자치도,전주시,전주기전여자고등학교,450041636
전북특별자치도,완주군,한국게임과학고등학교,450052650
전북특별자치도,김제시,김제서고등학교,450041654
전북특별자치도,익산시,남성고등학교,450041663
전북특별자치도,부안군,서림고등학교,450041664
전북특별자치도,군산시,군산중앙여자고등학교,450041670
전북특별자치도,남원시,남원서진여자고등학교,450041677
전북특별자치도,김제시,동국대학교사범대학부속금산고등학교,450041684
전북특별자치도,김제시,덕암고등학교,450041685
전북특별자치도,전주시,동암고등학교,450041690
전북특별자치도,김제시,만경고등학교,450041699
전북특별자치도,부안군,백산고등학교,450041708
전북특별자치도,남원시,남원제일고등학교,450056727
전북특별자치도,남원시,남원국악예술고등학교,450041731
전북특별자치도,전주시,상산고등학교,450041735
전북특별자치도,전주시,전주성심여자고등학교,450041744
전북특별자치도,남원시,성원고등학교,450041753
전북특별자치도,김제시,만경여자고등학교,450041755
전북특별자치도,정읍시,배영고등학교,450041767
전북특별자치도,익산시,성일고등학교,450041771
전북특별자치도,완주군,세인고등학교,450041775
전북특별자치도,순창군,순창고등학교,450041780
전북특별자치도,전주시,전주신흥고등학교,450041789
전북특별자치도,정읍시,신태인고등학교,450041796
전북특별자치도,군산시,군산영광여자고등학교,450041798
전북특별자치도,전주시,전주영생고등학교,450041807
전북특별자치도,전주시,전주대학교사범대학부설고등학교,450041811
전북특별자치도,전주시,완산고등학교,450041816
전북특별자치도,완주군,완주고등학교,450041825
전북특별자치도,전주시,우석고등학교,450041834
전북특별자치도,전주시,완산여자고등학교,450053839
전북특별자치도,전주시,전북여자고등학교,450041843
전북특별자치도,익산시,원광고등학교,450041852
전북특별자치도,정읍시,왕신여자고등학교,450041853
전북특별자치도,익산시,원광여자고등학교,450041861
전북특별자치도,전주시,유일여자고등학교,450041870
전북특별자치도,익산시,이일여자고등학교,450041879
전북특별자치도,정읍시,인상고등학교,450041888
전북특별자치도,익산시,전북제일고등학교,450041894
전북특별자치도,전주시,전일고등학교,450041897
전북특별자치도,군산시,전북외국어고등학교,450045901
전북특별자치도,익산시,익산고등학교,450041901
전북특별자치도,익산시,함열여자고등학교,450056903
전북특별자치도,전주시,전주중앙여자고등학교,450041906
전북특별자치도,정읍시,정주고등학교,450041915
전북특별자치도,군산시,군산중앙고등학교,450041924
전북특별자치도,전주시,한국전통문화고등학교,450056926
전북특별자치도,정읍시,서영여자고등학교,450041936
전북특별자치도,전주시,전주한일고등학교,450041942
전북특별자치도,전주시,전주해성고등학교,450041951
전북특별자치도,무주군,푸른꿈고등학교,450041955
전북특별자치도,정읍시,호남고등학교,450041960
전북특별자치도,정읍시,태인고등학교,450041964
전북특별자치도,정읍시,글로벌학산고등학교,450056970
전북특별자치도,장수군,한국마사고등학교,450041974
전북특별자치도,전주시,양현고등학교,450041979
전북특별자치도,무주군,무주고등학교,450041980
전북특별자치도,전주시,호남제일고등학교,450041985
전북특별자치도,장수군,백화고등학교,450041986
전라남도,목포시,목포고등학교,460041101
전라남도,목포시,목포여자고등학교,460041102
전라남도,목포시,목포제일여자고등학교,460041103
전라남도,여수시,여수고등학교,460041104
전라남도,여수시,여수여자고등학교,460041105
전라남도,순천시,순천고등학교,460041106
전라남도,순천시,순천여자고등학교,460041107
전라남도,나주시,나주고등학교,460041108
전라남도,나주시,전남외국어고등학교,460045109
전라남도,나주시,전남과학고등학교,460043110
전라남도,나주시,봉황고등학교,460041111
전라남도,여수시,여천고등학교,460041113
전라남도,여수시,부영여자고등학교,460041114
전라남도,광양시,광양백운고등학교,460041115
전라남도,광양시,광양고등학교,460041116
전라남도,광양시,광양여자고등학교,460041117
전라남도,광양시,한국항만물류고등학교,460053118
전라남도,여수시,여수화양고등학교,460041119
전라남도,여수시,여남고등학교,460041120
전라남도,담양군,담양고등학교,460041121
전라남도,곡성군,곡성고등학교,460041122
전라남도,구례군,구례고등학교,460041124
전라남도,고흥군,고흥고등학교,460041125
전라남도,고흥군,녹동고등학교,460041126
전라남도,보성군,보성고등학교,460041127
전라남도,화순군,화순고등학교,460041130
전라남도,장흥군,장흥고등학교,460041131
전라남도,장흥군,장흥관산고등학교,460041132
전라남도,강진군,강진고등학교,460041133
전라남도,강진군,성전고등학교,460041134
전라남도,해남군,해남고등학교,460041135
전라남도,영암군,영암고등학교,460041136
전라남도,영암군,영암낭주고등학교,460041137
전라남도,영광군,영광고등학교,460041141
전라남도,완도군,완도고등학교,460041143
전라남도,완도군,완도금일고등학교,460041144
전라남도,완도군,약산고등학교,460041146
전라남도,진도군,진도국악고등학교,460044147
전라남도,신안군,도초고등학교,460041148
전라남도,나주시,호남원예고등학교,460051149
전라남도,구례군,전남자연과학고등학교,460051150
전라남도,강진군,전남생명과학고등학교,460051151
전라남도,목포시,목포공업고등학교,460052152
전라남도,순천시,순천공업고등학교,460052153
전라남도,담양군,담양공업고등학교,460052154
전라남도,해남군,해남공업고등학교,460052155
전라남도,광양시,한국창의예술고등학교,460044156
전라남도,영암군,구림공업고등학교,460052156
전라남도,영암군,전남에너지고등학교,460052157
전라남도,영광군,영광전자고등학교,460052158
전라남도,목포시,목상고등학교,460041159
전라남도,나주시,나주상업고등학교,460053160
전라남도,보성군,벌교상업고등학교,460057162
전라남도,강진군,병영상업고등학교,460053163
전라남도,영광군,법성고등학교,460053165
전라남도,장성군,문향고등학교,460041167
전라남도,순천시,한국바둑고등학교,460042168
전라남도,고흥군,고흥영주고등학교,460052171
전라남도,고흥군,고흥도화고등학교,460052172
전라남도,화순군,화순이양고등학교,460041173
전라남도,장흥군,한국말산업고등학교,460051174
전라남도,해남군,송지고등학교,460053175
전라남도,무안군,무안고등학교,460041176
전라남도,영암군,삼호고등학교,460041177
전라남도,장성군,삼계부사관고등학교,460053178
전라남도,완도군,고금고등학교,460041179
전라남도,완도군,노화고등학교,460041180
전라남도,신안군,안좌고등학교,460053181
전라남도,신안군,지명고등학교,460041182
전라남도,신안군,신안해양과학고등학교,460054183
전라남도,신안군,하의고등학교,460041185
전라남도,신안군,임자고등학교,460041186
전라남도,광양시,광양하이텍고등학교,460057187
전라남도,여수시,여수해양과학고등학교,460054188
전라남도,순천시,순천미래과학고등학교,460052189
전라남도,함평군,함평골프고등학교,460042196
전라남도,나주시,매성고등학교,460041197
전라남도,영광군,영광공업고등학교,460057197
전라남도,장성군,장성하이텍고등학교,460057198
전라남도,진도군,조도고등학교,460041200
전라남도,완도군,완도수산고등학교,460054201
전라남도,여수시,여수석유화학고등학교,460052202
전라남도,순천시,순천제일고등학교,460041203
전라남도,무안군,전남체육고등학교,460042204
전라남도,여수시,여수충무고등학교,460041205
전라남도,광양시,중마고등학교,460041206
전라남도,순천시,순천팔마고등학교,460041207
전라남도,무안군,남악고등학교,460041208
전라남도,광양시,광영고등학교,460041209
전라남도,함평군,함평고등학교,460041267
전라남도,곡성군,전남조리과학고등학교,460056308
전라남도,보성군,다향고등학교,460057311
전라남도,장흥군,전남미래자동차고등학교,460052323
전라남도,화순군,전남기술과학고등학교,460057504
전라남도,진도군,진도실업고등학교,460057589
전라남도,목포시,문태고등학교,460041601
전라남도,목포시,목포홍일고등학교,460041602
전라남도,목포시,영흥고등학교,460041603
전라남도,목포시,목포덕인고등학교,460041604
전라남도,목포시,목포마리아회고등학교,460041605
전라남도,목포시,목포정명여자고등학교,460041606
전라남도,목포시,목포혜인여자고등학교,460041607
전라남도,여수시,한영고등학교,460041608
전라남도,여수시,여수중앙여자고등학교,460041609
전라남도,순천시,순천매산고등학교,460041610
전라남도,순천시,순천금당고등학교,460041611
전라남도,순천시,순천효천고등학교,460041612
전라남도,순천시,순천매산여자고등학교,460041613
전라남도,순천시,순천강남여자고등학교,460041614
전라남도,나주시,금성고등학교,460041615
전라남도,나주시,광남고등학교,460041616
전라남도,광양시,광양제철고등학교,460041617
전라남도,여수시,여양고등학교,460041618
전라남도,담양군,창평고등학교,460041619
전라남도,보성군,벌교고등학교,460041620
전라남도,보성군,벌교여자고등학교,460041621
전라남도,보성군,예당고등학교,460041622
전라남도,화순군,능주고등학교,460041623
전라남도,해남군,화원고등학교,460041624
전라남도,영암군,영암여자고등학교,460041625
전라남도,무안군,전남예술고등학교,460044626
전라남도,함평군,함평학다리고등학교,460041628
전라남도,영광군,해룡고등학교,460041630
전라남도,장성군,장성고등학교,460041631
전라남도,진도군,진도고등학교,460041632
전라남도,순천시,순천복성고등학교,460041633
전라남도,여수시,여수공업고등학교,460052633
전라남도,나주시,나주공업고등학교,460052634
전라남도,목포시,목포여자상업고등학교,460057635
전라남도,목포시,목포성신고등학교,460057636
전라남도,여수시,여수정보과학고등학교,460057637
전라남도,여수시,진성여자고등학교,460057638
전라남도,순천시,순천효산고등학교,460057639
전라남도,순천시,순천청암고등학교,460057640
전라남도,나주시,영산고등학교,460041641
전라남도,곡성군,옥과고등학교,460041643
전라남도,담양군,한빛고등학교,460041645
전라남도,목포시,목포중앙고등학교,460057646
전라남도,영광군,영산성지고등학교,460041647
전라남도,무안군,백제고등학교,460041648
전라남도,곡성군,한울고등학교,460041666
전라남도,나주시,전남미용고등학교,460056732
전라남도,함평군,전남보건고등학교,460057744
전라남도,고흥군,고흥산업과학고등학교,460057920
경상북도,포항시,대동고등학교,471141011
경상북도,포항시,오천고등학교,471141110
경상북도,포항시,포항고등학교,471141195
경상북도,포항시,세화고등학교,471141216
경상북도,포항시,동지여자고등학교,471141217
경상북도,포항시,포항영신고등학교,471141232
경상북도,포항시,포항흥해공업고등학교,471152255
경상북도,포항시,경북세무고등학교,471153255
경상북도,포항시,유성여자고등학교,471141285
경상북도,포항시,포항중앙여자고등학교,471141307
경상북도,포항시,포항장성고등학교,471141349
경상북도,포항시,두호고등학교,471141457
경상북도,포항시,세명고등학교,471141479
경상북도,포항시,포항중앙고등학교,471141487
경상북도,포항시,포항예술고등학교,471141537
경상북도,포항시,포항여자고등학교,471141555
경상북도,포항시,포항과학기술고등학교,471156570
경상북도,포항시,포항제철공업고등학교,471152633
경상북도,포항시,경북과학고등학교,471143669
경상북도,포항시,포항보건고등학교,471156708
경상북도,포항시,포항여자전자고등학교,471152708
경상북도,포항시,포항제철고등학교,471141721
경상북도,포항시,한국해양마이스터고등학교,471154765
경상북도,포항시,포항동성고등학교,471141790
경상북도,포항시,포항이동고등학교,471141877
경상북도,포항시,동지고등학교,471141956
경상북도,포항시,영일고등학교,471141959
경상북도,경주시,경주디자인고등학교,471352051
경상북도,경주시,경주화랑고등학교,471341082
경상북도,경주시,경주예일고등학교,471341192
경상북도,경주시,계림고등학교,471341331
경상북도,경주시,경주여자정보고등학교,471356353
경상북도,경주시,경주여자고등학교,471341372
경상북도,경주시,무산고등학교,471341435
경상북도,경주시,문화고등학교,471341575
경상북도,경주시,안강전자고등학교,471352607
경상북도,경주시,효청보건고등학교,471356611
경상북도,경주시,경주정보고등학교,471353611
경상북도,경주시,경주고등학교,471341768
경상북도,경주시,선덕여자고등학교,471341787
경상북도,경주시,삼성생활예술고등학교,471356791
경상북도,경주시,경주공업고등학교,471352816
경상북도,경주시,근화여자고등학교,471341828
경상북도,경주시,한국국제통상마이스터고등학교,471353830
경상북도,경주시,신라고등학교,471341879
경상북도,경주시,신라공업고등학교,471352903
경상북도,김천시,성의여자고등학교,471541298
경상북도,김천시,김천중앙고등학교,471541351
경상북도,김천시,경북과학기술고등학교,471552431
경상북도,김천시,성의고등학교,471541436
경상북도,김천시,한일여자고등학교,471541485
경상북도,김천시,김천고등학교,471541503
경상북도,김천시,김천예술고등학교,471541550
경상북도,김천시,김천생명과학고등학교,471551738
경상북도,김천시,율곡고등학교,471541919
경상북도,김천시,김천여자고등학교,471541941
경상북도,안동시,안동고등학교,471741005
경상북도,안동시,한국생명과학고등학교,471751032
경상북도,안동시,경북하이텍고등학교,471752119
경상북도,안동시,안동중앙고등학교,471741243
경상북도,안동시,경안여자고등학교,471741248
경상북도,안동시,안동여자고등학교,471741356
경상북도,안동시,경안고등학교,471741375
경상북도,안동시,길원여자고등학교,471741479
경상북도,안동시,경일고등학교,471741507
경상북도,안동시,성창여자고등학교,471741655
경상북도,안동시,풍산고등학교,471741674
경상북도,안동시,예일메디텍고등학교,471756711
경상북도,안동시,성희여자고등학교,471741860
경상북도,구미시,구미전자공업고등학교,471952013
경상북도,구미시,선주고등학교,471941084
경상북도,구미시,구미여자고등학교,471941147
경상북도,구미시,오상고등학교,471941150
경상북도,구미시,경북생활과학고등학교,471956150
경상북도,구미시,구미산동고등학교,471941172
경상북도,구미시,구미고등학교,471941215
경상북도,구미시,상모고등학교,471941264
경상북도,구미시,현일고등학교,471941310
경상북도,구미시,금오공업고등학교,471952324
경상북도,구미시,형곡고등학교,471941463
경상북도,구미시,구미여자상업고등학교,471953474
경상북도,구미시,금오고등학교,471941549
경상북도,구미시,인동고등학교,471941620
경상북도,구미시,구미제일고등학교,471941691
경상북도,구미시,경구고등학교,471941819
경상북도,구미시,구미정보고등학교,471953868
경상북도,구미시,사곡고등학교,471941899
경상북도,구미시,경북외국어고등학교,471945936
경상북도,구미시,선산고등학교,471941947
경상북도,구미시,도개고등학교,471941983
경상북도,영주시,영주제일고등학교,472141208
경상북도,영주시,대영고등학교,472141281
경상북도,영주시,영광여자고등학교,472141615
경상북도,영주시,한국미래산업고등학교,472156676
경상북도,영주시,경북항공고등학교,472152742
경상북도,영주시,한국철도고등학교,472152744
경상북도,영주시,영광고등학교,472141780
경상북도,영주시,영주여자고등학교,472141946
경상북도,영주시,한국국제조리고등학교,472156967
경상북도,영천시,동국대학교사범대학부속선화여자고등학교,472341026
경상북도,영천시,영천고등학교,472341154
경상북도,영천시,영천여자고등학교,472341300
경상북도,영천시,영천전자고등학교,472352388
경상북도,영천시,영천성남여자고등학교,472341600
경상북도,영천시,포은고등학교,472341712
경상북도,영천시,경북바이오마이스터고등학교,472351713
경상북도,영천시,영동고등학교,472341753
경상북도,영천시,경북휴먼테크고등학교,472352807
경상북도,상주시,함창고등학교,472541116
경상북도,상주시,화령고등학교,472541120
경상북도,상주시,상지미래경영고등학교,472553124
경상북도,상주시,우석여자고등학교,472541197
경상북도,상주시,상주공업고등학교,472552363
경상북도,상주시,상산전자고등학교,472552521
경상북도,상주시,한국미래농업고등학교,472551584
경상북도,상주시,상주여자고등학교,472541692
경상북도,상주시,경북자연과학고등학교,472551914
경상북도,상주시,상주고등학교,472541989
경상북도,문경시,문경여자고등학교,472841082
경상북도,문경시,문창고등학교,472841464
경상북도,문경시,경북조리과학고등학교,472856577
경상북도,문경시,문경공업고등학교,472852608
경상북도,문경시,점촌고등학교,472841788
경상북도,문경시,가은고등학교,472841913
경상북도,경산시,경북체육고등학교,472942188
경상북도,경산시,영남삼육고등학교,472941463
경상북도,경산시,대구가톨릭대학교사범대학부속무학고등학교,472941546
경상북도,경산시,경북기계금속고등학교,472952590
경상북도,경산시,사동고등학교,472941662
경상북도,경산시,문명고등학교,472941701
경상북도,경산시,경산고등학교,472941813
경상북도,경산시,경산여자고등학교,472941882
경상북도,경산시,경산과학고등학교,472943913
경상북도,경산시,진량고등학교,472941938
경상북도,경산시,경산제일고등학교,472953968
경상북도,경산시,하양여자고등학교,472941975
경상북도,의성군,경북소프트웨어마이스터고등학교,477352127
경상북도,의성군,안계고등학교,477341226
경상북도,의성군,의성여자고등학교,477341276
경상북도,의성군,의성유니텍고등학교,477352314
경상북도,의성군,금성고등학교,477341596
경상북도,의성군,의성고등학교,477341814
경상북도,청송군,현서고등학교,477541202
경상북도,청송군,청송여자고등학교,477541209
경상북도,청송군,경북골프경영고등학교,477553478
경상북도,청송군,청송고등학교,477541575
경상북도,청송군,진보고등학교,477541975
경상북도,영양군,수비고등학교,477641404
경상북도,영양군,영양여자고등학교,477641509
경상북도,영양군,영양고등학교,477641917
경상북도,영덕군,강구정보고등학교,477753027
경상북도,영덕군,영덕여자고등학교,477741111
경상북도,영덕군,영해고등학교,477741243
경상북도,영덕군,영덕고등학교,477741316
경상북도,청도군,청도고등학교,478241153
경상북도,청도군,이서고등학교,478241571
경상북도,청도군,금천고등학교,478241654
경상북도,청도군,모계고등학교,478241729
경상북도,청도군,경북드론고등학교,478252912
경상북도,고령군,대가야고등학교,478341368
경상북도,고령군,한국조리명장고등학교,478356884
경상북도,성주군,성주여자고등학교,478441298
경상북도,성주군,성주고등학교,478441421
경상북도,성주군,명인고등학교,478456853
경상북도,칠곡군,동명고등학교,478541088
경상북도,칠곡군,석적고등학교,478541202
경상북도,칠곡군,경북기계명장고등학교,478552362
경상북도,칠곡군,약목고등학교,478541458
경상북도,칠곡군,순심고등학교,478541593
경상북도,칠곡군,순심여자고등학교,478541693
경상북도,칠곡군,북삼고등학교,478541702
경상북도,예천군,예천여자고등학교,479041205
경상북도,예천군,대창고등학교,479041297
경상북도,예천군,경북일고등학교,479041728
경상북도,봉화군,한국펫고등학교,479251404
경상북도,봉화군,봉화고등학교,479241608
경상북도,봉화군,한국산림과학고등학교,479251959
경상북도,울진군,후포고등학교,479341125
경상북도,울진군,죽변고등학교,479341328
경상북도,울진군,경북관광비즈니스고등학교,479353443
경상북도,울진군,한국원자력마이스터고등학교,479352723
경상북도,울진군,울진고등학교,479341752
경상북도,울릉군,울릉고등학교,479454455
경상남도,창원시,경상고등학교,480041001
경상남도,산청군,산청고등학교,480041002
경상남도,거제시,거제공업고등학교,480052045
경상남도,진주시,경상국립대학교사범대학부설고등학교,480041050
경상남도,김해시,진영제일고등학교,480053085
경상남도,거제시,거제중앙고등학교,480041105
경상남도,거창군,거창승강기고등학교,480052109
경상남도,거창군,거창여자고등학교,480041110
경상남도,진주시,경남과학고등학교,480043120
경상남도,창원시,창원과학고등학교,480043121
경상남도,거제시,거제여자상업고등학교,480053127
경상남도,거창군,아림고등학교,480041145
경상남도,고성군,고성중앙고등학교,480041150
경상남도,사천시,경남자영고등학교,480051150
경상남도,진주시,경남정보고등학교,480053151
경상남도,고성군,경남항공고등학교,480052152
경상남도,사천시,곤양고등학교,480041160
경상남도,하동군,금남고등학교,480041170
경상남도,진주시,선명여자고등학교,480053172
경상남도,김해시,김해가야고등학교,480041175
경상남도,김해시,김해경원고등학교,480041177
경상남도,김해시,김해고등학교,480041180
경상남도,김해시,김해대청고등학교,480041183
경상남도,김해시,김해분성여자고등학교,480041184
경상남도,김해시,김해분성고등학교,480041185
경상남도,김해시,김해삼문고등학교,480041188
경상남도,김해시,김해여자고등학교,480041190
경상남도,김해시,김해건설공업고등학교,480052190
경상남도,김해시,구산고등학교,480041194
경상남도,김해시,김해생명과학고등학교,480051199
경상남도,남해군,경남해양과학고등학교,480055204
경상남도,남해군,남해제일고등학교,480041215
경상남도,산청군,단성고등학교,480041216
경상남도,남해군,남해정보산업고등학교,480053218
경상남도,진주시,대곡고등학교,480041220
경상남도,창원시,창원북면고등학교,480041221
경상남도,산청군,덕산고등학교,480041240
경상남도,창원시,마산가포고등학교,480041245
경상남도,창원시,마산고등학교,480041250
경상남도,창원시,마산용마고등학교,480041253
경상남도,창원시,마산구암고등학교,480041255
경상남도,창원시,마산내서여자고등학교,480041258
경상남도,창원시,마산여자고등학교,480041260
경상남도,밀양시,한국나노마이스터고등학교,480052265
경상남도,진주시,명신고등학교,480041270
경상남도,밀양시,밀양고등학교,480041280
경상남도,거제시,경남산업고등학교,480056282
경상남도,밀양시,밀양여자고등학교,480041290
경상남도,사천시,삼천포공업고등학교,480052298
경상남도,합천군,삼가고등학교,480041300
경상남도,사천시,삼천포중앙고등학교,480041310
경상남도,의령군,신반정보고등학교,480053320
경상남도,진주시,진주중앙고등학교,480041325
경상남도,산청군,신등고등학교,480041330
경상남도,함양군,안의고등학교,480041331
경상남도,합천군,야로고등학교,480041340
경상남도,김해시,김해삼방고등학교,480041346
경상남도,김해시,김해제일고등학교,480041347
경상남도,김해시,김해율하고등학교,480041348
경상남도,양산시,양산고등학교,480041350
경상남도,양산시,양산남부고등학교,480041355
경상남도,하동군,옥종고등학교,480041370
경상남도,김해시,김해임호고등학교,480041377
경상남도,하동군,진교고등학교,480041390
경상남도,의령군,의령고등학교,480041410
경상남도,양산시,웅상고등학교,480041415
경상남도,김해시,장유고등학교,480041417
경상남도,진주시,진서고등학교,480041420
경상남도,진주시,진양고등학교,480041430
경상남도,진주시,진주고등학교,480041440
경상남도,양산시,증산고등학교,480041445
경상남도,김해시,진영고등학교,480041447
경상남도,진주시,진주여자고등학교,480041450
경상남도,창원시,진해고등학교,480041460
경상남도,창원시,진해여자고등학교,480041470
경상남도,창원시,창원남산고등학교,480041472
경상남도,창원시,창원명지여자고등학교,480041473
경상남도,창원시,창원봉림고등학교,480041474
경상남도,창원시,창원사파고등학교,480041476
경상남도,창원시,창원신월고등학교,480041478
경상남도,진주시,경남체육고등학교,480042480
경상남도,창원시,창원여자고등학교,480041480
경상남도,창원시,창원용호고등학교,480041485
경상남도,진주시,진주기계공업고등학교,480052487
경상남도,창원시,창원중앙고등학교,480041490
경상남도,창원시,창원중앙여자고등학교,480041495
경상남도,창원시,웅천고등학교,480041496
경상남도,창원시,창원명곡고등학교,480041497
경상남도,통영시,충무고등학교,480041500
경상남도,통영시,통영고등학교,480041510
경상남도,창원시,경남관광고등학교,480056512
경상남도,창원시,창원성민여자고등학교,480041515
경상남도,창녕군,창녕슈퍼텍고등학교,480052517
경상남도,통영시,통영여자고등학교,480041520
경상남도,창원시,창원기계공업고등학교,480052523
경상남도,창원시,태봉고등학교,480041525
경상남도,합천군,초계고등학교,480052532
경상남도,하동군,하동고등학교,480041537
경상남도,함안군,함안고등학교,480041547
경상남도,함양군,함양고등학교,480041550
경상남도,함양군,서상고등학교,480041555
경상남도,창원시,합포고등학교,480041560
경상남도,함양군,함양제일고등학교,480051580
경상남도,합천군,합천고등학교,480041580
경상남도,산청군,간디고등학교,480041603
경상남도,거제시,거제고등학교,480041606
경상남도,거창군,대성일고등학교,480041608
경상남도,거창군,거창고등학교,480041612
경상남도,거창군,거창중앙고등학교,480041615
경상남도,산청군,경남간호고등학교,480056616
경상남도,거창군,거창대성고등학교,480041618
경상남도,진주시,경남예술고등학교,480044624
경상남도,양산시,경남외국어고등학교,480045630
경상남도,고성군,고성고등학교,480041633
경상남도,김해시,김해한일여자고등학교,480053636
경상남도,진주시,경해여자고등학교,480041636
경상남도,진주시,진주외국어고등학교,480041638
경상남도,함안군,군북고등학교,480041642
경상남도,김해시,김해중앙여자고등학교,480041645
경상남도,진주시,경남자동차고등학교,480052648
경상남도,창녕군,남지고등학교,480041648
경상남도,남해군,남해고등학교,480041654
경상남도,남해군,남해해성고등학교,480041660
경상남도,진주시,대아고등학교,480041672
경상남도,창원시,마산제일고등학교,480041680
경상남도,창원시,마산제일여자고등학교,480041684
경상남도,밀양시,밀양동명고등학교,480041688
경상남도,창원시,마산중앙고등학교,480041690
경상남도,창원시,마산공업고등학교,480052696
경상남도,밀양시,밀성고등학교,480041702
경상남도,창원시,마산무학여자고등학교,480041704
경상남도,양산시,보광고등학교,480041708
경상남도,창녕군,영산고등학교,480041710
경상남도,사천시,사천고등학교,480041714
경상남도,사천시,사천여자고등학교,480053715
경상남도,밀양시,밀성제일고등학교,480053716
경상남도,밀양시,삼랑진고등학교,480041720
경상남도,사천시,삼천포고등학교,480041732
경상남도,진주시,삼현여자고등학교,480041738
경상남도,함안군,경남로봇고등학교,480052741
경상남도,사천시,삼천포여자고등학교,480041760
경상남도,창원시,성지여자고등학교,480041762
경상남도,밀양시,세종고등학교,480041768
경상남도,진주시,경진고등학교,480052784
경상남도,양산시,양산제일고등학교,480041786
경상남도,양산시,효암고등학교,480041788
경상남도,양산시,양산여자고등학교,480041789
경상남도,사천시,용남고등학교,480041798
경상남도,합천군,합천평화고등학교,480041825
경상남도,의령군,의령여자고등학교,480041828
경상남도,창원시,진해세화여자고등학교,480041840
경상남도,산청군,지리산고등학교,480041844
경상남도,진주시,진주동명고등학교,480041846
경상남도,창원시,진해중앙고등학교,480041848
경상남도,창녕군,한국과학기술고등학교,480052856
경상남도,진주시,진주제일여자고등학교,480041858
경상남도,창녕군,창녕대성고등학교,480041860
경상남도,창녕군,창녕여자고등학교,480041862
경상남도,창녕군,창녕고등학교,480041864
경상남도,남해군,창선고등학교,480041868
경상남도,창원시,창신고등학교,480041870
경상남도,창원시,마산삼진고등학교,480041872
경상남도,창원시,창원경일고등학교,480041876
경상남도,창원시,창원경일여자고등학교,480041878
경상남도,창원시,창원공업고등학교,480052880
경상남도,창원시,창원고등학교,480041882
경상남도,창원시,창원남고등학교,480041888
경상남도,창원시,창원대산고등학교,480041891
경상남도,창원시,창원문성고등학교,480041894
경상남도,고성군,철성고등학교,480041900
경상남도,통영시,충렬여자고등학교,480041901
경상남도,통영시,동원고등학교,480041905
경상남도,창원시,한일여자고등학교,480052912
경상남도,함안군,칠원고등학교,480041912
경상남도,하동군,하동여자고등학교,480041918
경상남도,거제시,해성고등학교,480041924
경상남도,함안군,명덕고등학교,480041928
경상남도,거제시,거제제일고등학교,480041930
경상남도,창원시,창원대암고등학교,480041931
경상남도,창원시,창원토월고등학교,480041932
경상남도,창원시,진해용원고등학교,480041933
경상남도,김해시,김해영운고등학교,480041934
경상남도,거제시,거제옥포고등학교,480041935
경상남도,양산시,물금고등학교,480041936
경상남도,창녕군,창녕옥야고등학교,480041937
경상남도,양산시,서창고등학교,480041938
경상남도,양산시,범어고등학교,480041939
경상남도,양산시,양산인공지능고등학교,480052939
경상남도,거제시,연초고등학교,480041940
경상남도,합천군,합천여자고등학교,480041945
경상남도,거제시,거제상문고등학교,480041946
경상남도,김해시,김해외국어고등학교,480045957
경상남도,김해시,김해수남고등학교,480041958
제주특별자치도,제주시,제주대학교사범대학부설고등학교,490041010
제주특별자치도,제주시,제주과학고등학교,490043020
제주특별자치도,제주시,제주외국어고등학교,490045020
제주특별자치도,서귀포시,대정고등학교,490041030
제주특별자치도,서귀포시,대정여자고등학교,490041040
제주특별자치도,서귀포시,서귀포고등학교,490041050
제주특별자치도,서귀포시,서귀포여자고등학교,490041060
제주특별자치도,제주시,세화고등학교,490041070
제주특별자치도,제주시,제주제일고등학교,490041080
제주특별자치도,제주시,제주중앙여자고등학교,490041090
제주특별자치도,제주시,한림고등학교,490041100
제주특별자치도,제주시,남녕고등학교,490041110
제주특별자치도,서귀포시,남주고등학교,490041120
제주특별자치도,제주시,대기고등학교,490041130
제주특별자치도,서귀포시,삼성여자고등학교,490041140
제주특별자치도,제주시,신성여자고등학교,490041150
제주특별자치도,제주시,오현고등학교,490041160
제주특별자치도,제주시,제주여자고등학교,490041170
제주특별자치도,서귀포시,서귀포산업과학고등학교,490051180
제주특별자치도,서귀포시,성산고등학교,490054190
제주특별자치도,제주시,애월고등학교,490041200
제주특별자치도,제주시,제주고등학교,490056210
제주특별자치도,제주시,제주여자상업고등학교,490053220
제주특별자치도,서귀포시,중문고등학교,490056230
제주특별자치도,서귀포시,표선고등학교,490041240
제주특별자치도,제주시,한림공업고등학교,490052250
제주특별자치도,제주시,함덕고등학교,490041260
제주특별자치도,제주시,한국뷰티고등학교,490056270
제주특별자치도,제주시,영주고등학교,490052280
제주특별자치도,제주시,제주중앙고등학교,490053290
